library,count
numpy,3940
matplotlib,1277
torch,1194
pandas,1163
django,853
requests,840
cv2,780
sklearn,640
utils,616
scipy,590
tensorflow,588
PIL,539
setuptools,486
tqdm,369
flask,319
models,277
pytest,273
config,264
bs4,249
keras,247
torchvision,231
pygame,223
model,185
PyQt5,157
yaml,149
nltk,136
util,134
selenium,133
src,127
dotenv,110
app,110
skimage,110
urllib2,107
transformers,103
streamlit,90
seaborn,87
data,78
gym,78
sqlalchemy,75
h5py,73
lxml,72
networkx,70
six,69
lib,67
mpl_toolkits,67
settings,64
pymongo,63
discord,62
datasets,62
StringIO,61
google,60
tests,59
aiohttp,58
common,58
rest_framework,56
scrapy,54
dataset,53
pytz,52
fastapi,52
PyQt4,52
click,51
imutils,51
boto3,50
pylab,50
theano,50
imageio,49
cPickle,48
openai,47
RPi,47
pymysql,47
pkg_resources,46
werkzeug,45
ConfigParser,45
colorama,43
IPython,43
psycopg2,43
gensim,42
constants,41
os,40
joblib,40
base,40
tools,39
mysql,39
dateutil,38
core,38
serial,38
database,38
speech_recognition,38
pyspark,37
Tkinter,37
jinja2,36
rospy,36
helper,36
Queue,35
telegram,34
helpers,34
plotly,33
sys,32
pyrogram,32
pydantic,32
urlparse,32
Bio,32
pyautogui,32
bpy,31
wandb,31
gi,30
librosa,30
flask_cors,30
loguru,28
api,28
main,28
typing_extensions,27
rich,27
pytesseract,27
tweepy,27
einops,27
__future__,26
sympy,26
diffusers,26
telethon,25
pip,25
utilities,25
urllib3,24
modules,24
omegaconf,24
Cython,24
forms,24
simplejson,24
gui,23
astropy,23
logger,23
jieba,23
cryptography,23
sqlparse,23
numba,23
statsmodels,23
wx,23
pycocotools,23
termcolor,22
Crypto,22
thread,22
spacy,22
pydub,22
exceptions,21
geometry_msgs,21
std_msgs,21
langchain,21
pwn,21
kivy,21
bot,20
tornado,20
shapely,20
game,20
typing,19
flask_login,19
face_recognition,19
xlrd,19
flask_sqlalchemy,19
osgeo,19
xarray,18
sensor_msgs,18
redis,18
picamera,18
xgboost,18
httplib,18
twisted,18
classes,18
sublime,18
psutil,17
openpyxl,17
tensorboardX,17
networks,17
nose,17
xlwt,17
dlib,17
db,17
nibabel,17
openerp,17
docopt,17
dataloader,17
mininet,17
pyaudio,17
unittest,16
ui,16
customtkinter,16
evaluate,16
pytorch_lightning,16
__main__,16
wtforms,16
qgis,16
train,16
gtts,16
sublime_plugin,16
json,15
tabulate,15
prettytable,15
netCDF4,15
homeassistant,15
feedparser,15
envs,15
evaluation,15
environment,15
caffe,15
carla,15
celery,15
keyboard,15
data_utils,15
flask_wtf,15
MySQLdb,15
aiogram,15
configs,15
mediapipe,15
utility,15
paddle,15
datetime,14
time,14
pathlib,14
PySide6,14
dns,14
tifffile,14
machine,14
accelerate,14
airflow,14
fabric,14
gradio,14
cStringIO,14
options,14
paho,14
trainer,14
const,14
mmcv,14
commands,14
lasagne,14
functions,14
Image,14
arcpy,14
pyttsx3,14
mock,14
uvicorn,13
parse,13
moviepy,13
board,13
parameters,13
network,13
preprocessing,13
data_loader,13
ament_index_python,13
re,12
serializers,12
opts,12
BeautifulSoup,12
scanpy,12
player,12
soundfile,12
dash,12
win32api,12
test,12
gevent,12
metrics,12
antlr4,12
launch,12
tkMessageBox,12
torch_geometric,12
gtk,12
deepface,12
httpx,11
regex,11
peft,11
hydra,11
qrcode,11
web,11
PyPDF2,11
features,11
jax,11
eventlet,11
smbus,11
agent,11
textblob,11
mmdet,11
xbmc,11
socketio,11
scapy,11
pyperclip,11
pyimagesearch,11
server,11
user,11
preprocess,11
googletrans,11
Model,11
libs,11
tf,11
launch_ros,11
tkFileDialog,11
lightning,11
chess,11
PySide2,11
logging,10
yahoofinance,10
cherrypy,10
webdriver_manager,10
globalvars,10
handlers,10
cx_Freeze,10
views,10
Utils,10
modeling,10
version,10
schedule,10
langchain_community,10
trainers,10
sphinx,10
win32com,10
faiss,10
spidev,10
pysam,10
net,10
web3,10
py2exe,10
socks,10
loader,10
youtube_dl,10
md5,10
sets,10
pitivi,10
unet,10
timm,10
account,10
docutils,10
reportlab,10
misc,10
dash_core_components,10
plugins,9
git,9
ctypes,9
fire,9
monai,9
users,9
client,9
cli,9
faker,9
wordcloud,9
cfg,9
cookielib,9
webapp2,9
channels,9
xbmcaddon,9
botocore,9
base58,9
cv_bridge,9
userbot,9
mxnet,9
HTMLParser,9
fairseq,9
SimpleITK,9
AppKit,9
nets,9
loss,9
resnet,9
boto,9
thrift,9
twitter,9
ipdb,9
argparse,8
asyncio,8
subprocess,8
shutil,8
yfinance,8
packaging,8
twilio,8
esmvalcore,8
Util,8
langfun,8
clip,8
pytube,8
qtpy,8
starlette,8
torchmetrics,8
routes,8
praw,8
coloredlogs,8
anndata,8
grid,8
tg_bot,8
ssd,8
natsort,8
flask_migrate,8
dronekit,8
bottle,8
xbmcgui,8
kivymd,8
optimizer,8
pika,8
eval,8
inference,8
xlsxwriter,8
,8
passlib,8
agents,8
requests_oauthlib,8
PySide,8
rclpy,8
ttk,8
fake_useragent,8
tables,8
apscheduler,8
output,8
wikipedia,8
fiona,8
sip,8
facenet,8
dgl,8
ttypes,8
letta_client,7
pygments,7
geopandas,7
cvxpy,7
github,7
state,7
unreal,7
safetensors,7
tasks,7
interface,7
ffmpeg,7
retrying,7
clarifai,7
simulation,7
pynput,7
digitalio,7
docker,7
_native,7
_speedups,7
py2neo,7
Models,7
ply,7
rdflib,7
flask_socketio,7
backend,7
params,7
parser,7
win32con,7
xmlrpclib,7
GUI,7
pyramid,7
flask_restful,7
unidecode,7
menu,7
open3d,7
mne,7
base_options,7
resources,7
bitcoin,7
object_detection,7
pdf2image,7
playsound,7
ray,7
_init_paths,7
accounts,7
globals,7
shared,7
kafka,7
snorkel,7
tkFont,7
rdkit,7
chainer,7
paramiko,7
pyfits,7
renderer,7
grpc,7
tensorlayer,7
assets,6
dataclasses,6
collections,6
pyglove,6
autogen,6
attr,6
infrastructure,6
custom_components,6
websocket,6
polars,6
github_stats,6
Config,6
clash,6
check,6
nuke,6
langchain_core,6
docx,6
jwt,6
sgmllib,6
solver,6
httplib2,6
pyowm,6
clustering,6
gmpy2,6
python,6
scripts,6
odoo,6
ultralytics,6
flask_mail,6
proxy,6
zope,6
processing,6
mathutils,6
ops,6
cplex,6
Classes,6
fpdf,6
workflow,6
debug,6
pywt,6
torchdiffeq,6
sentence_transformers,6
crypto,6
logistic_sgd,6
parsers,6
vanilla,6
vgg,6
airsim,6
peewee,6
future,6
connection,6
micropython,6
flask_script,6
pybullet,6
images,6
source,6
easydict,6
pyecharts,6
attention,6
pyscf,6
playwright,6
Foundation,6
gobject,6
processor,6
Adafruit_DHT,6
mlp,6
audio,6
onnx,6
arcade,6
data_util,6
dash_html_components,6
file_utils,6
detectron2,6
ansible,6
load_data,6
errors,6
hpo,6
stable_baselines,6
library,5
enum,5
importlib,5
warnings,5
motor,5
contextlib,5
abc,5
llama_cpp,5
iptv,5
ufl,5
save_data,5
items,5
toml,5
gymnasium,5
asfyaml,5
pyquery,5
misinfo_general,5
portfolio_tracker,5
pyzbar,5
objects,5
datasette,5
omlish,5
UI,5
crawl,5
init,5
path,5
openpilot,5
sounddevice,5
ranger,5
__init__,5
pyttb,5
pywttr_models,5
xTools4,5
mojo,5
tiktoken,5
astro_utils,5
rest_framework_simplejwt,5
daemon,5
validate,5
absl,5
fairlearn,5
cartopy,5
pybricks,5
umath,5
matlab,5
helper_functions,5
Datasets,5
sacred,5
pymatgen,5
information,5
dpr,5
data_generator,5
SPARQLWrapper,5
konlpy,5
__builtin__,5
fhs_lib_file_interface,5
fhs_lib_year_range_manager,5
pycurl,5
shutit_module,5
support,5
elasticsearch,5
deap,5
BaseHTTPServer,5
index,5
search,5
schemas,5
gdal,5
analysis,5
Controller,5
pyasf,5
cassie,5
minerl,5
event_detector,5
filters,5
tflearn,5
view,5
application,5
pyasn1,5
shapefile,5
geocoder,5
ryu,5
mawk,5
mindstorms,5
bitstring,5
OAuth2Util,5
mods,5
pymc3,5
generators,5
tigeropen,5
tensorboard,5
layers,5
algorithm,5
ez_setup,5
eppo_client,5
lm_eval,5
firebase_admin,5
zmq,5
conf,5
Modules,5
actionlib,5
gurobipy,5
thop,5
ecdsa,5
kubernetes,5
pybullet_data,5
option,5
PySimpleGUI,5
PyNEC,5
superset,5
pink,5
robot_descriptions,5
camera,5
mshr,5
dolfin,5
make_arch,5
funciones_spritesheet,5
pcl,5
apex,5
ql,5
dbus,5
dtcontrol,5
jaxtyping,5
torchsummary,5
gen,5
exasol_udf_mock_python,5
callbacks,5
cosmic,5
sql_functions,5
configurations,5
direct,5
panda3d,5
resource_management,5
classifier,5
package,5
cirtorch,5
bert,5
globalvar,5
nav_msgs,5
taichi,5
DataLoader,5
corpus,5
Myro,5
gnuradio,5
ensemble_compilation,5
object,5
languageModelLib,5
crawler,5
captcha,5
BotsOnRails,5
open_dl_utils,5
xcomp,5
pyopencl,5
reikna,5
tornado_swagger,5
Watch_it,5
algorithms,5
info,5
mmofriends,5
yum,5
ocpa,5
mec_env_var,5
pressurecooker,5
omics_pipe,5
pydrobert,5
aimacode,5
ImageDraw,5
lib_tft24T,5
ImageFont,5
freewili,5
dassl,5
bluetooth,5
ksdata,5
openstack,5
labelme,5
automx2,5
steps,5
imageutils,5
videoswap,5
mitsuba,5
slackbot_settings,4
functools,4
zoneinfo,4
litellm,4
threading,4
aider,4
random,4
math,4
pubsub,4
tldextract,4
meshly,4
undetected_chromedriver,4
streamlink,4
xmltodict,4
argopy,4
adversarial_decoding,4
lfdfiles,4
vllm,4
janome,4
ai_orb,4
llmeter,4
gspread,4
elleelleaime,4
libretranslate,4
waitress,4
captum,4
latex2json,4
fernet,4
cordex_cv,4
dask,4
boac,4
lerobot,4
grain,4
arguments,4
providers,4
Levenshtein,4
flag,4
databases,4
schema,4
quaternion,4
pendulum,4
git_browse,4
protclust,4
telebot,4
progress,4
wget,4
ml,4
services,4
typer,4
ckan,4
groundx,4
configobj,4
mpi4py,4
sphinx_rtd_theme,4
sanic,4
character,4
weerlive,4
fibsem,4
spconv,4
ucb,4
gillcup,4
fasttext,4
nn,4
ansys,4
MapReduce,4
ordereddict,4
fhs_lib_data_transformation,4
db_queries,4
dash_bootstrap_components,4
routers,4
ipywidgets,4
django_dynamic_fixture,4
fixtures,4
fields,4
encoder,4
packages,4
module,4
flask_admin,4
rosbag,4
igraph,4
builders,4
memory,4
predict,4
chardet,4
smol,4
engine,4
imblearn,4
progressbar,4
reflectivity,4
Network,4
Environment,4
flower_dataset,4
flair,4
bertopic,4
func,4
pyomo,4
env,4
rsa,4
vtk,4
pyMCDS,4
parselmouth,4
pybrain,4
superstructure,4
pydrive,4
_winreg,4
pungen,4
blackwood,4
OpenGL,4
components,4
bokeh,4
data_helpers,4
preprocessing_utils,4
thing,4
dsvae,4
Book_Tracker,4
archive,4
Products,4
mmdet3d,4
console,4
pretty_midi,4
sk1,4
mnist_loader,4
ntm,4
objc,4
pysim,4
graphviz,4
variables,4
transform,4
pyats,4
base_client,4
colors,4
brains,4
Database,4
tushare,4
lightgbm,4
data_preprocessing,4
process,4
art,4
storage,4
pdf_toolbox,4
paste,4
Live,4
_Framework,4
certifi,4
helperfunctions,4
clouddrive,4
xbmcplugin,4
allennlp,4
tensorflow_docs,4
unravel,4
Function,4
download,4
qa_model,4
trie,4
SocketServer,4
mode,4
command,4
filterpy,4
migrate,4
spriteClass,4
deepspeed,4
gossip,4
arsf_envi_reader,4
pyfiglet,4
unicodecsv,4
desktop,4
wishlib,4
torch_sparse,4
Vectors,4
Configs,4
application_logging,4
vocab,4
oracle,4
java,4
savu,4
stompy,4
hps,4
lib2vec,4
onmt,4
torch_scatter,4
spate,4
bitnet,4
baconshor,4
stim,4
dronekit_sitl,4
axolotl,4
melee,4
nepta,4
idautils,4
javax,4
frontend,4
baselines,4
configure,4
tkcalendar,4
nn_functions,4
cliez,4
descriptives,4
lit_gpt,4
memesocial,4
obspy,4
tflite_runtime,4
shell,4
pyamf,4
pyclickup,4
CTFd,4
vars,4
owlready,4
sphinx_obsidian,4
upsnet,4
bson,4
geopy,4
arcgen,4
suds,4
DRL,4
ubgrade,4
rainbow,4
ctextgen,4
param,4
hparams,4
imgproc,4
customer,4
visualization,4
aiocqhttp,4
playlistcreator,4
uasyncio,4
losses,4
swingutils,4
allure,4
dynamodb,4
bytepit_api,4
gavrptw,4
netifaces,4
versa,4
trojanParam,4
trytond,4
tkSimpleDialog,4
Generator,4
gqcnn,4
autolab_core,4
compat,4
yahoo_fin,4
ev3dev,4
catkin_pkg,4
ptpython,4
proton,4
x32broadcast,4
plone,4
disamorph,4
create_stack,4
pet,4
pylibpd,4
gym_minigrid,4
QKE,4
sgtk,4
bot_vars,4
chatarena,4
nextcord,4
redbot,4
torchcubicspline,4
barotropic,4
prodes,4
muz,4
adipy,4
epsagon,4
zephyr,4
nendo,4
page_xml_draw,4
entangled,4
neic_tools,4
akad,4
warbler,4
ohbm,4
SamplePreprocessor,4
vis,4
moleculekit,4
torchmd,4
sync_with_poetry,4
rubicon,4
picamera2,4
gcpy,4
MFRC522,4
file_reader,4
linear_model,4
SCons,4
rank_bm25,4
stock_analysis,4
Core,4
detect_face,4
table_base,4
gmes,4
DeepFried2,4
df_extras,4
lbtoolbox,4
words_image,4
siemstress,4
AmaroLib,4
imagezmq,4
Paths,4
Logic,4
_version_utils,4
cf_matrix,4
chess_utils,4
tellopy,4
FullyConvNet,4
dpkt,4
SakuyaEngine,4
kbindinggenerator,4
actreg,4
sims,4
switchboard,4
person,4
dict,4
hikari,4
kita,4
fenics,4
dsxindexer,4
pureyaml,4
picographics,4
OpenEXR,4
confluent_kafka,4
pioneer,4
trackerhub,4
skaff,4
interfaces,4
anonygraph,4
ngine,4
SourceData,4
sorted_margins,4
ballot_tools,4
urllib,3
ssl,3
run,3
websockets,3
socket,3
tempfile,3
io,3
traceback,3
prompt_toolkit,3
backoff,3
diskcache,3
devgagan,3
cupy,3
mainwindow,3
cpuinfo,3
distro,3
stat,3
inspect,3
service_capacity_modeling,3
molior,3
geometry,3
cmbagent,3
_shutil,3
structlog,3
pypinyin,3
tomlkit,3
joker,3
decouple,3
isodate,3
pytest_homeassistant_custom_component,3
ipex_llm,3
retry,3
box2d,3
invoke,3
ollama,3
node,3
storages,3
optimizers,3
deadline,3
arxiv,3
systems,3
sqlite_utils,3
configuration,3
openvino,3
internal,3
pydbus,3
window,3
youtube_transcript_api,3
extensions,3
project_package,3
napari,3
clearml,3
flet,3
wheel,3
mobile_use,3
betterstokks,3
dataprovider,3
read,3
maxminddb,3
todo2notion,3
notion_client,3
dataloaders,3
solution,3
langchain_openai,3
functorch,3
pexpect,3
warp,3
anchorpy,3
solana,3
solders,3
jsonschema,3
importlib_metadata,3
rospkg,3
pint,3
mujoco,3
pyqtgraph,3
markdown,3
pdfminer,3
upload,3
streamlit_lottie,3
pystray,3
prismatic,3
compare_models,3
extract_model_activations,3
flax,3
vinetrimmer,3
langchain_ollama,3
aresponses,3
sample,3
text_to_speech,3
esockets,3
hypothesis,3
zc,3
monty,3
lib_nrf24,3
job,3
cnnclf,3
enever_api,3
voluptuous,3
gpkit,3
appdirs,3
tiny_structured_logger,3
fhs_lib_orchestration_interface,3
amr_lib,3
segmenter,3
tortoise,3
liftoff,3
torchaudio,3
sense_hat,3
geo,3
FSIC,3
io_scene_md3,3
synthesizer,3
logger_config,3
txrest,3
win32gui,3
segue,3
oxfords,3
aiomysql,3
yolo,3
cornice,3
browserid,3
ipfshttpclient,3
set_logger,3
rpy2,3
mss,3
request,3
snappy,3
virtualenv,3
middlewares,3
processResults,3
flaskblog,3
itsdangerous,3
Jetson,3
slackclient,3
azflow,3
lmdb,3
input_sieve,3
garage,3
baxter_interface,3
block,3
waflib,3
euclid,3
rasterio,3
pySmartDL,3
pylast,3
leancloud,3
dropbot,3
lib_util,3
umap,3
hdbscan,3
patricia,3
pyprind,3
level,3
mongoclient,3
apikey,3
optuna,3
mics,3
html5lib,3
tasktk,3
neat,3
particle,3
commons,3
ocr,3
parametros,3
mrjob,3
mysqlconnection,3
keithley,3
better_exceptions,3
fa_util_train,3
fa_util,3
slacker,3
webob,3
pypylon,3
visuals,3
cube,3
seabreeze,3
stellar_base,3
wallet,3
dataTypes,3
haystack,3
tokenizer,3
Level,3
Game,3
args_fusion,3
munch,3
configargparse,3
pyLDAvis,3
data2env_functions,3
data2Kitti_functions,3
basenmf,3
vta,3
splitnet,3
tvm,3
lcinvestor,3
timer,3
official,3
parmed,3
imgaug,3
phantom_helpers,3
feature,3
endpoints,3
flatland,3
natal,3
transaction,3
pytgcalls,3
neuralph,3
healpy,3
bgtsound,3
bvec,3
zoodb,3
auth,3
Scaling,3
MainWindow,3
redhawk,3
authorization,3
mlflow,3
volatility,3
bitcoinrpc,3
repyportability,3
fitz,3
exchanges,3
playhouse,3
inferno,3
mv,3
visdom,3
ks_api_client,3
arrow,3
googlemaps,3
facebook,3
weberFuncs,3
utilRelay,3
ethereum,3
pymunk,3
characters,3
move_base_msgs,3
move_action,3
overrides,3
mnist,3
tensorflow_datasets,3
qrtools,3
dsglanguages,3
ants,3
htcondor,3
editor,3
post_processing_functions,3
translate,3
weather,3
fileLib,3
Data,3
hypersindy,3
Views,3
imageai,3
larissa,3
folium,3
record,3
sql,3
xlog,3
PPTGenerator,3
pandas_datareader,3
map,3
graphics,3
data_preprocess,3
pinocchio,3
sockshandler,3
is_msgs,3
is_wire,3
manage_db,3
mmpose,3
Adafruit_I2C,3
gluon,3
synthetics,3
torchsl,3
NMS,3
FlightController,3
pymavlink,3
dal,3
simba3d,3
patches,3
synthetic_gymnax,3
gymnax,3
fast_gp,3
gp_kernel,3
medpy,3
shieh_utils,3
pymoo,3
talib,3
coauthorship_centrality,3
unet_blocks,3
database_io,3
sngrb_utils,3
fgz,3
yimage,3
methods,3
backbone,3
lipnet,3
Events,3
rocat,3
azureml,3
file_operations,3
PyQt6,3
qfluentwidgets,3
testing,3
flask_limiter,3
geventwebsocket,3
svc,3
tensorboard_logger,3
nbformat,3
curve,3
raven,3
debug_toolbar,3
beartype,3
message,3
input_data,3
data_description,3
db_helper,3
formatter,3
adafruit_servokit,3
compare,3
geong_common,3
panel,3
alembic,3
angr,3
brain,3
dynamics,3
tlfp,3
whitenoise,3
subgraph_matching,3
media_handlers,3
pygal,3
twitterbot,3
keys,3
functional,3
text_localization,3
gflags,3
virtual_env,3
pim_api,3
FileCabinet,3
flake8,3
smartROS,3
utlvce,3
pyfirmata,3
sha3,3
pytorch_pretrained_bert,3
ehs,3
xla,3
jsonargparse,3
uncertify,3
easyFunctions,3
fast_rcnn,3
dump2polarion,3
ldap,3
smartoo,3
exercises,3
knowledge,3
reader,3
qiniu,3
WebStreamer,3
editobj3,3
IngestionUtilities,3
markdown_it,3
myst_parser,3
scheduler,3
mwx,3
myanalysis,3
mywrangle,3
cirtorchclone,3
controller,3
align,3
convert,3
script,3
Renderer,3
image_similarity_measures,3
hitch,3
data_preparation,3
spatio,3
colt5_attention,3
spider,3
decision_trees,3
custom_types,3
parsedatetime,3
train_utils,3
tzlocal,3
quart,3
ulogging,3
bl_keymap_utils,3
python_speech_features,3
usb,3
horizon,3
blog,3
vaderSentiment,3
pyWire,3
general,3
GlyphsApp,3
gruf,3
embeddings,3
p2pool,3
ranker,3
radarkit,3
Application_Logger,3
dataflowanalyzer,3
bitarray,3
trojanClean,3
ij,3
val,3
pymel,3
nart,3
magic,3
config_loader,3
hpOneView,3
B,3
encryption,3
piexif,3
plyfile,3
plotting,3
functions_for_training,3
test_fixture,3
autoscaler,3
coremltools,3
generator,3
speech,3
load,3
ssim,3
prometheus_flask_exporter,3
dimensional_reduction,3
microwler,3
piccolo,3
automaton,3
minigpt4,3
stacks,3
aws_cdk,3
decodeTextLib,3
muh_core_app,3
pmd_beamphysics,3
poem,3
jjcli,3
grava_resultados,3
apps,3
server_news,3
messages,3
fonctions,3
upemtk,3
eipy,3
adt,3
fuzzywuzzy,3
token_word_judge,3
soynlp,3
typeahead,3
var,3
eth_utils,3
oauth2client,3
seisgen,3
dwm_status_events,3
dejavu,3
orjson,3
guizero,3
catcher_modules,3
spotify,3
pokernetwork,3
ppxf_util,3
ppxf,3
gammatools,3
BKlib,3
algebra,3
basic_functions,3
solitude,3
youtube,3
flask_restplus,3
xlogger,3
telepot,3
imagestone_animatediff,3
microtailor,3
clipboard,3
muscledagents,3
project,3
mezzanine,3
tf_pose,3
adn,3
pacman,3
graphicsUtils,3
rpivideo,3
keras_vggface,3
Connection,3
Box2D,3
Diameter,3
training,3
data_process,3
getobj,3
books,3
builder,3
cnn_utils,3
piz_moto,3
numereval,3
others,3
dash_table,3
structure,3
linepy,3
humanfriendly,3
channel,3
traci,3
bandit,3
global_parser,3
combi,3
qp,3
yolo_manager,3
iniHandler,3
inversion_settings,3
invpy,3
gridemax,3
int_linear,3
financeData,3
keybaseapi,3
itemadapter,3
neural_renderer,3
DataPoints,3
hogge,3
pluginlib,3
OkcoinInfos,3
notification,3
alloc,3
ppad,3
Parameters,3
BOMizator,3
pandasqt,3
pyexcel_cli,3
WeChat,3
data_conversion,3
bullet,3
get_data,3
streamlit_map,3
network_model,3
hues,3
cache,3
models_dis,3
sandman,3
std_srvs,3
aurora,3
testutils,3
politsaikroonika,3
pkg,3
CameraGUI,3
conditions,3
lp_utils,3
toil,3
dbconnect,3
couchdb3,3
PyInquirer,3
pylaunchpad,3
pyasn1_modules,3
blinker,3
icebox,3
mediahandler,3
game_actions,3
crsmatrix,3
hdwallet,3
hexer,3
GeometricalFrame,3
rl_baselines,3
srl_zoo,3
pluma,3
Retrival_model,3
analyzer,3
base_evaluator,3
jackal_navi_envs,3
Arena,3
vex,3
libqtile,3
ppb,3
nn_,3
Books,3
bencodepy,3
gffpal,3
rlcard,3
tapdance,3
serenata_toolbox,3
censor,3
pyimagediet,3
ftdi,3
hexAndString,3
DES,3
errorfunc,3
Script,3
lm_util,3
lm_config,3
Localdata,3
namegen,3
pydm,3
securer,3
afqsfenicsutil,3
cbcpost,3
distmesh_dyn,3
kalman,3
execution,3
chiplotle,3
PyFoam,3
idc,3
lldb,3
ape,3
orangecode,3
forecasting_module,3
swappr,3
wormbrain,3
pixeltype,3
video_distillation,3
pyshtools,3
gphotos_sync,3
sklearn2,3
treemenus,3
bpy_types,3
dummy_keys,3
PyBioMed,3
scrape,3
ucsmsdk,3
minio_plugin,3
hamtools,3
prices,3
trax,3
rssympim,3
undiscriminated_shape,2
uuid,2
shape,2
psycopg,2
markupsafe,2
concurrent,2
shlex,2
pefile,2
string,2
sqlite3,2
gc,2
aiofiles,2
prov,2
pprint,2
multiprocessing,2
textwrap,2
nv_ingest_api,2
tarfile,2
xml,2
pypresence,2
webbrowser,2
llama_types,2
doctest,2
topologic,2
bmesh,2
topologic_core,2
password_generator,2
atexit,2
setuptools_scm,2
cattrs,2
nonebot,2
difflib,2
wcwidth,2
jdatetime,2
binascii,2
copernicusmarine,2
colorthief,2
discord_webhook,2
syrupy,2
geojson,2
linebot,2
marimo,2
cog,2
dune,2
parabolicTest,2
poe_trade,2
limiter,2
gs_manager,2
batchgenerators,2
langdetect,2
tomllib,2
ccxt,2
django_filters,2
model_utils,2
duckdb,2
steam,2
ATTNclipXGATED,2
parsing,2
phonenumbers,2
v2ex,2
persistence,2
data_layer,2
roms_tools,2
colorlog,2
bea,2
locust,2
gampixpy,2
custom_widgets,2
mtranslate,2
lazy_loader,2
pipelines,2
schedulers,2
openquake,2
mpm_pytorch,2
mpm_solver,2
shared_lib,2
requests_html,2
pydantic_settings,2
factory,2
tool,2
codegen,2
sysconfig,2
financedata,2
pybooktools,2
ephem,2
pynasonde,2
plans,2
sentry_sdk,2
emoji,2
mypath,2
webtest,2
testcase,2
test_utils,2
inquirer,2
plumbum,2
wrapt,2
custom_gallery,2
compile_utils,2
Prediction,2
drawResults,2
py,2
construct,2
weread2notionpro,2
book,2
llm,2
adafruit_character_lcd,2
pipeline,2
pyotp,2
langchain_google_genai,2
courses,2
weechat,2
openvla_dataloader,2
white_patch,2
base_scraper,2
langchain_text_splitters,2
swift,2
hytorch,2
tickr,2
_utilities,2
metpy,2
firewxpy,2
event,2
dateparser,2
icons,2
generate,2
wids_datathon_patient_survival,2
speech_recog,2
IPC,2
qtpyvcp,2
sawtooth_validator,2
maxthreads,2
roboticstoolbox,2
scikits,2
Input,2
irgsh_web,2
low_dim_train,2
TileCoding,2
prepare,2
garnetdnn,2
neopixel,2
lvgl,2
lv_utils,2
tft_config,2
xpt2046,2
dense_fuse_net_o4,2
dataload,2
yolo4,2
test_parameters,2
neural_network,2
lesson,2
ranking,2
zalgo_text,2
emross,2
coordinator,2
enever_api_factory,2
tr,2
ax,2
markdown2,2
genesis,2
tcp,2
fhs_lib_database_interface,2
fhs_lib_data_aggregation,2
py_img_seg_eval,2
ProgressBar,2
stateenvironment,2
VeteSoft,2
train_on_single_task,2
structx,2
eos_prob,2
huggingface_hub,2
bots,2
Benchmarks,2
cycledash,2
vcf,2
vocoder,2
diode_clipper,2
body,2
hand,2
detect_object,2
prefs,2
elementtree,2
Student,2
xyz,2
deleteOutlier,2
countNumOfUnique,2
readInputTextFile,2
remainOddOrEven,2
krpc,2
mozsvc,2
fxa,2
tokenserver,2
hexbytes,2
contract_abi,2
sort_function,2
gunicorn,2
visual,2
joj,2
provider,2
handwriting_tools,2
sh,2
colorcet,2
heart,2
cudaHelperFunctions,2
alfanous,2
jpype,2
ssrspeed,2
Stopwords,2
NLPfunctions,2
ImageBox,2
pca,2
converter,2
altair,2
inception_v3,2
simple,2
preamble_for_simulation,2
pyarrow,2
tmtools,2
wavio,2
custom_envs,2
EXPS,2
db_connector,2
flower_function,2
roslib,2
openai_vpt,2
leancloud_manager,2
seeds,2
signup_form,2
login_form,2
pyndn,2
material_resources,2
nnmnkwii,2
eveapi,2
humanize,2
lib_ide_make,2
pytorch_pretrained,2
dissimilarity_matrix,2
sknn,2
ldap3,2
tile,2
REINFORCE,2
ratings,2
cert,2
post,2
msfrpc,2
crack,2
prophet,2
streamlit_extras,2
imageManipulation,2
tensorflowWrapper,2
accuracy,2
saliency,2
rawpy,2
t_astron,2
t_getconsts,2
chefs,2
rk4_multicoord,2
helpfunclib,2
metric,2
environs,2
fury,2
cargar_datos_y_deportes,2
entidades,2
menus,2
atk_youtube_transcript,2
whisper,2
win32event,2
sampler,2
chromedriver_autoinstaller,2
worker,2
manager,2
ratelimit,2
master,2
plot_data,2
ImageD11,2
website,2
flask_mysqldb,2
compiler,2
sql_common,2
sql_generation,2
retrieval,2
buscape,2
graphitesend,2
qnet,2
IUdata,2
pycocoevalcap,2
rouge,2
spice,2
cider,2
bleu,2
blockchain,2
print_welcome,2
pytorch_msssim,2
gsnet,2
nuScenes2data_functions,2
nuscenes,2
Context,2
google_images_download,2
progressBar,2
medicalDataLoader,2
cardTypes,2
draw,2
lendingclub,2
pause,2
opengaze,2
exception,2
jd_logger,2
tensorflow_hub,2
tensorflow_text,2
note,2
song,2
TerminalMode,2
inflector,2
repo,2
pysterior,2
User,2
xadmin,2
pyscreenshot,2
sberry,2
vmfmix,2
protorpc,2
adjustText,2
simplekml,2
Globals,2
corner,2
extractor,2
pynlpir,2
mmseg,2
classify,2
lifelines,2
umsg,2
vmtplanner,2
googlenet,2
send,2
toolkit,2
opt_einsum_fx,2
clamd,2
hurry,2
tox,2
DIR,2
cvzone,2
xp,2
rally,2
Cocoa,2
py2app,2
servus,2
mlxtend,2
pydotplus,2
questionParser,2
SPARQLQuery,2
build_net,2
DataBase,2
flsync,2
oauthlib,2
dialog,2
globalVars,2
bcolz,2
tyssue,2
superqt,2
_pytest,2
algo,2
hug,2
login,2
bank,2
binance,2
PTR,2
cost,2
gplearn,2
pyglet,2
network_utils,2
hoeffdingtree,2
onlineAdaptive,2
banditAdaptive,2
ossie,2
gdown,2
drf_spectacular,2
pydensecrf,2
Dataget,2
FeatureEngineering,2
Display,2
FileIO,2
seq2seq_wrapper,2
data_utils_1,2
data_utils_2,2
yahoofinancials,2
scrypt,2
MM_util,2
pycoin,2
operators,2
scrambler,2
multiosd,2
reddit,2
paddleocr,2
blueprints,2
gan_utils,2
wgan_loss,2
met,2
funcoes_de_log,2
measure,2
firelang,2
postmarkup,2
network3,2
internet_ping,2
sqlalchemy_utils,2
flask_debugtoolbar,2
opyum,2
livekit,2
applicationgraph,2
failuregenerator_a8,2
assertionchecker_a8,2
polygon,2
flaskr,2
dataArtist,2
data_processing,2
plot_utils,2
CW_attack,2
pgd_attack,2
LeapPython,2
pyqt_rounded_profile_image,2
x509Validation,2
filter,2
keisuke,2
propagators,2
AllInOne,2
spike,2
utime,2
FindHand,2
transactions,2
spherical_harmonics,2
realsense_depth,2
data_smoother,2
data_cluster_1,2
grid_of_pixels,2
dnri,2
classad,2
model_preparation_functions,2
model_solving_functions,2
plotting_functions,2
elftools,2
oauthenticator,2
grabscreen,2
cryptLib,2
pytdx,2
pypandoc,2
Uppaal,2
BuildSystem,2
pygame_gui,2
DUST,2
pgshovel,2
KGraber,2
filepath,2
mcrcon,2
streamlit_folium,2
voiceit2,2
sumy,2
mesos,2
pycountry,2
framework,2
about,2
global_var,2
seine,2
systematic,2
data_models,2
pyodbc,2
hdf5_operations,2
calculate_age,2
sfm,2
decorators,2
conv,2
alchemy,2
test_code,2
robot_map_data,2
robot_communication,2
database_setup,2
base_tests,2
model_zoo,2
new,2
style,2
button,2
numpyro,2
milestone_monitor,2
wand,2
scan,2
planta,2
Adafruit_PWM_Servo_Driver,2
dcgan,2
languages,2
fileutils,2
d2a,2
pygetwindow,2
names,2
dsc,2
parameterized,2
alias,2
Bot,2
notion,2
pysmiles,2
logs,2
miniprobe,2
sensors,2
sw_crew,2
crewai,2
distrax,2
chex,2
theano_sqrtm,2
posterior_gp,2
pickle_io,2
tensorflow_models,2
DexParse,2
crispy_forms,2
unsplash,2
ddim,2
ksyms,2
shieh_kmeans,2
docplex,2
Question,2
naming,2
truss,2
petsy,2
Images_rc,2
chromadb,2
xlutils,2
comet_ml,2
pycreate2,2
tatqa_metric,2
paillier,2
display,2
PlaneData,2
scraper,2
pyt,2
xyp,2
oss2,2
vpt,2
fractal_zero,2
aicrowd_gym,2
pyproj,2
ee,2
ttach,2
modonormal,2
pytorch_metric_learning,2
io_utils,2
snap,2
qdarkstyle,2
vtGateway,2
eventEngine,2
vtFunction,2
riskManager,2
dataRecorder,2
ctaAlgo,2
Constants,2
paraview,2
marketcrush,2
molpro,2
enemigos,2
puerta,2
constantes,2
nivel,2
platforma,2
puntos,2
data_ingestion,2
Prediction_Raw_Data_Validation,2
posts,2
pretty_print,2
data_batcher,2
media,2
pudb,2
pretrained,2
mridata,2
plotter,2
cryptomath,2
fusebook,2
fuse,2
jun_jobs_bot,2
position,2
gpiozero,2
motion_module,2
aws_lambda_powertools,2
EasyDraw,2
kaffe,2
scrapy_djangoitem,2
news,2
ml_collections,2
equinox,2
cool_filter,2
vintage_filter,2
sketch_filter,2
blacknwhite_filter,2
cartoon_filter,2
negative_filter,2
shortestPath,2
getPlot,2
Graph,2
batch,2
dice_loss,2
mgsa,2
bio,2
jsonpath,2
openpifpaf,2
sinter,2
admin,2
coala_utils,2
pox,2
freezegun,2
cvxopt,2
spss,2
Args,2
GameManager,2
DataHandler,2
MovesList,2
mailpile,2
ccs,2
rbnf_rts,2
timeseries,2
qr_code,2
ida_funcs,2
ida_bytes,2
eye_movement,2
EEG,2
b2,2
dets,2
lap,2
simuvex,2
claripy,2
openai_api,2
Room,2
mraa,2
deepsnap,2
lockfiles,2
picbot,2
netdissect,2
Detectors,2
Networks,2
framebuf,2
enchant,2
cdt,2
lstm,2
ScratchParser,2
global_data,2
category_encoders,2
sort,2
pmdarima,2
sign_in,2
sign_up,2
Load_data,2
dynnode2vec,2
fastdtw,2
Classifier,2
pylint,2
astroid,2
stanza,2
ProcessMes,2
textmining,2
singlesample,2
tomso,2
HebrewNlp,2
CleanText,2
plex_watcher,2
plexapi,2
alive_progress,2
globalmaptiles,2
ogr,2
mapnik,2
air_lstm,2
anomaly_gaussian,2
torch_xla,2
HMMParser,2
CRISPRtools,2
pyexcel,2
histogram,2
binning,2
bmnn,2
myfunctions,2
portable_fdsnws_dataselect,2
NodePage,2
flac,2
Read_Hi_data,2
practice,2
background,2
pulp,2
vehicle,2
category,2
accessdata,2
ferris3,2
chaining_hashtable,2
WGUPS_graph,2
gdbn,2
swm,2
transpiler,2
ngram_pred_util,2
ldsg_admin,2
Adafruit_BMP,2
mspy,2
ids,2
dice,2
vlc,2
tma,2
skfmm,2
UtilitieSparc,2
pythoncom,2
muddery,2
samplers,2
itk,2
misc_functions,2
snapshot_tasks,2
transforms,2
RNN,2
fbprophet,2
products,2
parallages,2
cell,2
OmegaIndex,2
CompareUtils,2
optim,2
callback,2
wish,2
vectorizer,2
readability,2
mol_graph,2
tensorflow_addons,2
EXmusic,2
pygeoip,2
markovify,2
shodan,2
oboparser,2
feature_selection,2
home,2
lpips,2
irsrgan_config,2
defect,2
actions,2
cart,2
torchtext,2
insight_face,2
can,2
isotp,2
nukescripts,2
slack,2
pypianoroll,2
image,2
yobot,2
opencc,2
PyOpenPose,2
animatediff,2
pykalman,2
interpreter,2
generalUtility,2
read_xyz_parameters,2
sea_level_predictor,2
image_helper,2
gan,2
textstat,2
elliptics,2
docker_registry,2
sendgrid,2
dep11,2
hints,2
component,2
pyhivemall,2
PoseModule,2
funcs,2
pywinauto,2
savePostInfo,2
kedro_dvc,2
pytest_cases,2
influxdb,2
Chef,2
load_csv,2
AdelaiDepth,2
torchsparse,2
backends,2
adafruit_motor,2
pwmio,2
CvPyGui,2
dafna,2
graph,2
flask_uploads,2
input_validator,2
student_utils,2
ortools,2
selene,2
sim_user,2
ScikitModel,2
vminstance,2
statebroker,2
dmr_utils3,2
cairosvg,2
topology_docker,2
scotch_whisking,2
alghtms,2
rest,2
dbparse,2
TamilWord,2
TamilLetter,2
graphs,2
astrotest,2
simulator,2
pull_entities,2
plot,2
bge,2
A,2
urequests,2
mcp3008,2
capsule_net,2
tensorrt,2
cuda,2
eyecrypt,2
minimax,2
dataLoader,2
opt,2
square_well,2
mnist_forward,2
functions_for_evaluating,2
neo4j,2
redshift,2
HTSeq,2
linkedin,2
cq_editor,2
client_tv,2
config_utils,2
apk_utils,2
streamlit_chat,2
course,2
oandapyV20,2
ExtraccionDatosOanda,2
tableprint,2
NotionClient,2
svg,2
pi3d,2
ckine,2
prediction_model,2
parsel,2
seqeval,2
Vnet,2
ResNet3d,2
asana_random_one_on_one,2
chainerrl,2
danmaku_env,2
Parser,2
sfsnet_arch,2
sfsnet_functions,2
ruffus,2
customizer,2
fileeditor,2
paths,2
wowheadhelper,2
battlenet,2
datatypes,2
impact,2
bot_conversations,2
imageProcessing,2
pigpio,2
fastapi_cache,2
le_arquivos,2
transition_properties,2
urls,2
oauth2,2
chat_server_connector,2
routines,2
svmutil,2
file,2
lavalink,2
cmyt,2
program_synthesis,2
p4_mininet,2
ftxus,2
mutagen,2
rp_extract,2
pyray,2
pulser,2
dnn,2
master_comm_pb2,2
objecttracker,2
shared_utils,2
_typeshed,2
wsgi,2
wrappers,2
visualization_utils,2
Detection,2
instruction,2
train_models,2
templating,2
ybdata,2
web_util,2
quoter,2
helper2,2
dbCred,2
cnn,2
music21,2
macholib,2
distance,2
extract,2
vstools,2
dvrk,2
image_to_code,2
catcher,2
rotations,2
kuka_driver,2
libxml2,2
KM_KBQA,2
gym_solo,2
openloop,2
kuka,2
hanta_numpy_nltk,2
ML,2
des_wrapper,2
pro_gan_pytorch,2
skyfield,2
Regulation,2
textgen,2
D,2
onnxruntime,2
hyphenator,2
Finding_effective_weights,2
printTree,2
calculate,2
oef,2
fst,2
docQA,2
catalog,2
record_to_file,2
quant_trader,2
maya,2
feedme,2
prompts,2
moneyed,2
textnode,2
htmlnode,2
mariadb,2
webcolors,2
allauth,2
Reader,2
detection,2
utils_pack,2
UserDict,2
flup,2
caged_data_processor,2
flowchart,2
storn,2
policy,2
comet,2
nox,2
directories,2
pygtk,2
LibRecommender,2
scoring,2
blocksmith,2
en_core_web_sm,2
arquivo1,2
imdb,2
autopy,2
Account,2
YINHelper,2
dists,2
beta,2
MonoPitch,2
img_rc,2
drive_framework,2
acrocord,2
ukis_metrics,2
fart,2
coatingtk,2
qkeras,2
kerop,2
resnet_v1_eembc,2
setGPU,2
Pdml,2
Dia,2
consts,2
TYRZ,2
bilibili_api,2
webapi,2
more_itertools,2
mbpo_pytorch,2
format_json,2
movielens,2
pymem,2
FindBalloons,2
pycoral,2
paperbasic,2
orthopoly,2
hashing,2
defconAppKit,2
exts,2
large_image,2
histomicstk,2
kepio,2
easyocr,2
wusa,2
editdistance,2
smal_fitter,2
feedback_graph,2
logger_manager,2
versioneer,2
imhr,2
psd_tools,2
split_label,2
glove,2
social_flask_mongoengine,2
network_file,2
my_cocoeval,2
chimera,2
modelz,2
vqaTools,2
clean_text,2
import_data,2
fitbit,2
genome,2
species,2
organism,2
innovation,2
format_plots,2
troppy,2
pybobyqa,2
emax,2
simdata,2
rpyc,2
pgp,2
amovies_crawler,2
Plotter,2
util_redis,2
pynvml,2
trains,2
Robotic_Servos,2
credentials,2
rsf,2
SymbolTable,2
password_generator_app,2
CalculateParams,2
OKTrader,2
buggalo,2
GridCell,2
actionlib_msgs,2
tattle,2
flask_ask,2
findltr,2
ekphrasis,2
TPS_STN,2
input,2
my_envs,2
weboob,2
logic_encoder,2
dvgutils,2
Project,2
pytestqt,2
crash_on_ipy,2
fa,2
PicMaker,2
registry,2
adaptive_avgmax_pool,2
vim,2
pretty_errors,2
wavelet_decomp_reconstr,2
subsetInf,2
geoip,2
sample_handler,2
table_border_syntax,2
Utilities,2
socket_controller,2
packet_inspector,2
dataNationalDex,2
auxils,2
diffusion,2
le_utils,2
cartpole,2
macd_base,2
baostock,2
layout_2,2
naiveBayes,2
boostedDT,2
CommandsGUI,2
CommonGUI,2
ControlPanelGUI,2
eea,2
neurodiffeq,2
solvers,2
monitors,2
dA,2
my_planning_graph,2
tuneavideo,2
HasamiShogiGame,2
nextbike,2
ys_api,2
data_settings,2
my_parser,2
PsychoTest_Classes,2
completions,2
rolling,2
keywords,2
smtpy_config,2
recommonmark,2
cdtools,2
icepack,2
mofi,2
userProfile,2
BagLearner,2
LinRegLearner,2
autobahn,2
Discrete,2
phogglib,2
game_resources,2
GAME,2
feature_engineering,2
gmrescrs,2
wordlelib,2
repair,2
specialtylenses,2
datapersistant,2
MKL,2
gio,2
pango,2
gpdefs,2
ErDpole,2
Evaluate,2
Agent_MS,2
imagenet,2
oxford_pets,2
gimpfu,2
cec,2
pyworld,2
tianshou,2
excel_operate,2
pusher,2
patsy,2
XABase64,2
GNN_force_strach,2
transconv2,2
enemy,2
smsbomber,2
tim,2
directory,2
buzhug,2
blink,2
inventory,2
penndjangosaml2,2
dmi,2
kws_decoder,2
deflefpy,2
Preprocessing,2
trackerData,2
torrent_metadata,2
myxkcdwrapper,2
db_handler,2
music,2
cap,2
dsets,2
easyeditor,2
coin,2
donkey,2
fireball,2
anime,2
catppuccin,2
qc,2
simplegui,2
pwnlib,2
controllers,2
werobot,2
cust_envs,2
classifySoftmax,2
summoner,2
debug_tools,2
pyarm,2
unify_idents,2
genome_2_tensor,2
htmlentitydefs,2
pymssql,2
Mongo,2
globaldefs,2
oscprob3nu,2
emorpho_io,2
ExtractionScript,2
quotes_dab,2
constants_creating,2
run_util,2
http_stream_xml,2
data_loading,2
lm_retry_decorator,2
glow,2
Skill,2
gothub_kernel_launcher,2
got,2
ipykernel,2
descartes,2
klout,2
family,2
moods,2
lifetimes,2
microbit,2
Shinobu,2
Credentials,2
stone,2
test_segmentation,2
Entities,2
pgn,2
classifiers,2
keras_applications,2
RandomUserAgent,2
idaapi,2
colorme,2
definitions,2
randomData,2
restaurants,2
gravity,2
Orange,2
AnyQt,2
hilbert_ops,2
imgviz,2
treelib,2
RGB_Checker,2
tecontroller,2
hid,2
hx711,2
anilistdata,2
Imath,2
mpm_solver_warp,2
particle_filling,2
gaussian_renderer,2
diff_gaussian_rasterization,2
scene,2
html2image,2
lime,2
rosgraph,2
slack_command_bot,2
boxsdk,2
_ncs,2
menulists,2
spotipy,2
rpd_generator,2
ott,2
PlotUtils,2
paver,2
understand,2
essentia,2
soundbase,2
feature_extractor,2
HHMMHG,2
HHMMMessagePasser,2
ros2_data,2
ros2_grasping,2
capgrasp_itf,2
timing_wrapper,2
ggplot,2
pybulletgym,2
umi_collapser,2
GB_model,2
dataAugmentation,2
swagger_server,2
observer,2
pyrosl,2
ssmpr,2
json_maj,2
pyvirt,2
traders,2
color,1
object_with_optional_field,1
square,1
circle,1
object_with_defaults,1
wait_db,1
create_env,1
misskey,1
slack_bolt,1
struct,1
errno,1
dump,1
configparser,1
hashlib,1
grep_ast,1
colorsys,1
tree_sitter_languages,1
smtplib,1
email,1
meshtastic,1
aiojobs,1
devgagantools,1
operator,1
copy,1
iris,1
cudf,1
morpheus,1
nv_ingest_client,1
trace,1
platform,1
zipfile,1
signal,1
weakref,1
llama_grammar,1
itertools,1
bonsai,1
ezdxf,1
pyinstrument,1
topologist,1
baseclass,1
ifcopenshell,1
ifc,1
plugin_config,1
fake_headers,1
indian_names,1
proxy_config,1
scripting,1
_ext,1
_script,1
_scriptmanager,1
_scriptserver,1
_image,1
pyprocar,1
pyvista,1
get_spot_prices,1
hikkatl,1
code,1
fetch,1
requests_file,1
dynamic,1
ics,1
pcmbc,1
pyxpcm,1
regionmask,1
gsw,1
tenacity,1
pyyoutube,1
itb_stack,1
exifread,1
pyhilo,1
mii,1
pyogrio,1
kml2geojson,1
reply_message_create,1
reply_image_create,1
build_cffi,1
cffi,1
faulthandler,1
upath,1
replicate_weights,1
comfyui,1
cog_model_helpers,1
mimetypes,1
weights_downloader,1
custom_node_helpers,1
weights_manifest,1
boss_check,1
mongodb,1
currency_exchange,1
poe_ninja,1
gems,1
divination_cards,1
gspread_dataframe,1
WebDriverInstaller,1
SharedTools,1
click_loglevel,1
datalad,1
in_place,1
resource,1
lexilang,1
_threading_local,1
hatchling,1
job_library,1
remote_executor,1
open_job_template_api,1
install_venv_common,1
mistral,1
oslo_log,1
oslo_config,1
keystonemiddleware,1
optparse,1
hyperliquid,1
python_build_utils,1
system_server,1
dev_server,1
programming,1
naive_bayes_node,1
random_seed_generator,1
longATTNclipORG,1
INFERclipregXGATED,1
metasmoke,1
datahandling,1
blacklists,1
metasmoke_cache,1
phone_numbers,1
chatcommunicate,1
tld,1
ipaddress,1
sspai,1
netease_news,1
dongchedi,1
baidu,1
freebuf,1
jianshu,1
history_today,1
douban_group,1
tieba,1
dongqiudi,1
bilibili,1
weibo,1
kanxue,1
qq_news,1
hot_36kr,1
acfun,1
anquanke,1
the_paper,1
m_3dm_game,1
juejin,1
m_51cto,1
hupu,1
zhihu_daily,1
zhihu,1
csdn,1
youshewang,1
anquanmaibo,1
woshipm,1
douban_movie,1
it_home,1
jihewang,1
m_52pojie,1
douyin,1
github_trending,1
toutiao,1
xueqiu,1
hello_github,1
ir_api,1
kuser_agent,1
WebScraper,1
get_pwd,1
APICaller,1
tinydb,1
pdb,1
mag_field_wrapper,1
mag_field_lin_fff,1
dingtalk,1
handler_events,1
pooch,1
pprintpp,1
bz2,1
imageio_ffmpeg,1
iso4217_currency_codes,1
iso3166,1
input_parsing,1
readout_objects,1
pypdf,1
odf,1
html2text,1
voiceauthCore,1
tkinter,1
pygtrans,1
awesome_list_generator,1
controlnets,1
prompters,1
PILEditor,1
FastBlend,1
RIFE,1
boundary_condition,1
constitutive_models,1
moex_bond_search_and_analysis,1
transformation,1
mtgscan,1
magicgui,1
napari_tmidas,1
mosestokenizer,1
bbDoChk,1
asks,1
trio,1
bbLST,1
bbCFG,1
omdev,1
anyio,1
omserv,1
seleniumwire,1
haralyzer,1
streamlit_searchbox,1
nyt,1
supercluster,1
spacenews,1
aidy,1
vestaboard,1
breaking_defense,1
chow,1
term,1
loss_func,1
krakenex,1
parse_node,1
check_path,1
artcommonlib,1
youtube_search,1
pcloud,1
multipledispatch,1
email_validator,1
threadpoolctl,1
lifespan,1
fire_banking,1
cereal,1
atproto,1
adam,1
medphunc,1
MODBUS_ASCII_CONVERTERS,1
MODBUS_ASCII_LRC,1
pykeigan,1
RS02_GUI,1
distiller,1
pyramid_mako,1
chsdi,1
json_processor_api,1
DrissionPage,1
setproctitle,1
clarifai_grpc,1
mplfinance,1
BSAPI,1
tildejsongen,1
connect4,1
lastfeeder,1
delorean,1
feedgen,1
handler,1
python_datalogger,1
langgraph,1
build_bundled,1
runtime_utils,1
test_cases,1
pyplot3d,1
twitch,1
databpy,1
pytest_asyncio,1
config_validator,1
user_settings,1
tencentcloud,1
qCloud,1
util_sac,1
panda,1
pose_transform_functions,1
teleop_keyboard,1
Stocks,1
Menu,1
Apps,1
tranco,1
boot,1
RealTimePlot,1
stable_baselines3,1
claude_api,1
curl_cffi,1
checker,1
chart_generator,1
better_profanity,1
spiders,1
prompt_scripts,1
zebrazoom,1
linux,1
TMA,1
UPA,1
kubra_scraper,1
mercantile,1
polyline,1
chevron,1
num_random,1
configuration_llama,1
modeling_flax_utils,1
modeling_flax_outputs,1
yagmail,1
kodijson,1
tuners,1
unsloth,1
torchgeo,1
batch_command,1
single_command,1
markupbase,1
wikisnip,1
your,1
jess,1
basic_funcs,1
fft,1
sctk,1
bigquery_etl,1
pysolar,1
idna,1
robot_library_rev22,1
robot_core_rev16,1
robot_library_config_rev7,1
robot_library_config_rev3,1
jenkins,1
weapon,1
summon,1
ome_types,1
tescanautomation,1
autoscript_sdb_microscope_client,1
autolamella,1
tokenization,1
ssfsm,1
lidar,1
iRobotCreate,1
InteractiveStory,1
story_node,1
nitepy,1
ESocketS,1
loopfunction,1
Sample,1
Metadata,1
Test,1
telegram_api,1
poster,1
gym_torcs,1
return_list,1
dadmatools,1
generateasm,1
descriptors,1
basicblocks,1
useinfo,1
asmcode,1
adafruit_dht,1
TempSensor,1
ds18x20,1
fs_driver,1
onewire,1
r2pipe,1
pyansys_sphinx_theme,1
decode_np,1
yolo3,1
specific_agents,1
pyocr,1
graph4,1
exifutil,1
generate_white_noise,1
interaction,1
outcome,1
AntiCAPTCHA,1
dummy_thread,1
_abcoll,1
pyshacl,1
Bi_LSTM,1
Word2Vec,1
xfoilWrapper,1
GPUtil,1
instance_segmentation_evaluation,1
semantic_segmentation,1
celery_app,1
clusters,1
getProxy,1
getWeiboPage,1
getPersonalAllWeibo,1
genesis_sandbox_executor,1
llm_physics_sandbox,1
gym_urbandriving,1
labels,1
flask_pymongo,1
textual,1
termlauncher,1
fhs_lib_cli_tools,1
verilib,1
fmcapi,1
navbar,1
melons,1
dj_database_url,1
Formulario,1
seq2seq_tensorflow,1
mmtfPyspark,1
py3Dmol,1
ioutil,1
walkutil,1
vad,1
speech_gen,1
metrium,1
quorum,1
authManager,1
DLHelper,1
neon,1
seltest,1
webrtcvad,1
sr_indie_rnn,1
SpiderModel,1
pyargus,1
phpserialize,1
cloudflareAPI,1
solusvmAPI,1
virtualizorAPI,1
text_process,1
yamlize,1
queries,1
gui_CAM,1
roc_functions,1
decorator,1
multipart,1
cElementTree,1
Teacher,1
mockito,1
search_train,1
colorclass,1
fl_client,1
fl_common,1
rest_framework_nested,1
tcpserver,1
parsedata,1
command_pattern,1
sp2txt,1
flask_mobility,1
site_app,1
myOwnCounter,1
dictionary,1
Detector,1
Homography,1
rtde_control,1
rtde_receive,1
layer,1
pandaset,1
tokenlib,1
postToEth,1
pyodide_js,1
sort_data,1
data_validator,1
compare_sort_time,1
parse_options,1
io_controller,1
file_io_controller,1
sort_type,1
CppHeaderParser,1
Twittercredentials,1
Reimplementations,1
iiif_prezi,1
flask_iiif,1
click_log,1
vo_pipeline,1
xbmcutil,1
xbmcprovider,1
OneCharacterRecognize,1
correctWord,1
download_screen,1
twosheds,1
dumpers,1
oh_prep,1
point_est,1
compare_scores,1
mh_alg,1
prec_reformat,1
mh_combine,1
glob_vars,1
bimixture_mh,1
Comics,1
Fiction,1
DBUtils,1
darkflow,1
matrix,1
process_tests,1
uvloop,1
numexpr,1
mandelbrot,1
TwitterSearch,1
Hotboy,1
pcfg,1
oov,1
PYEVALB,1
ToDoList,1
SSRSpeed,1
cls,1
flask_bcrypt,1
presenters,1
compeng_gg,1
detect,1
machine_learning,1
feature_generation,1
file_preparation,1
visualisations,1
OpenCV,1
Board,1
allApps,1
vdf,1
qdarktheme,1
ipfsUtil,1
conversation,1
transitions,1
openai_access,1
db_access,1
function_tools,1
loaddata_functions,1
demo,1
re16,1
mo16,1
motion_planning,1
robot,1
xylophone_player,1
cloudpickle,1
ASS,1
baxter_core_msgs,1
quaternion_transform,1
move_controller,1
image_processor,1
image_receiver,1
Car,1
mainfunc,1
pypika,1
thebigpictures,1
session,1
klimapi_python,1
pyxel,1
tracking,1
jsonpatch,1
openprocurement,1
rl,1
buildVillageHouse,1
run_agent,1
animalpen,1
waterfall,1
cloud,1
List,1
navigationdrawer,1
chatbuf_pb2,1
label,1
ripplebehavior,1
theming,1
color_definitions,1
jaconv,1
pyopenjtalk,1
denoiseGAN,1
stomp,1
sleekxmpp,1
pyzkb,1
lib_version,1
lib_parser,1
mod_pbxproj,1
train_eval,1
pyarabic,1
CNN,1
CNNSoftmax,1
funcSoftmax,1
modulos,1
falconn,1
functions_framework,1
unsupervised,1
supervised,1
oauthHandler,1
pygraphviz,1
pyevolve,1
base_model,1
fastapi_login,1
aioschedule,1
pure_pagination,1
stockstats,1
colour_runner,1
speech_data,1
streamlit_marquee,1
holidays,1
streamlit_option_menu,1
st_click_detector,1
fire_state,1
HSPClass,1
peptideClass,1
BLAST,1
patience,1
result,1
dataManagement,1
cam,1
symbol,1
_markerlib,1
fish_school_search,1
firefly_algorithm,1
draw_inference,1
dng2png,1
t_vuf,1
billing,1
backtrader,1
hdf5storage,1
boundingbox,1
pystopwatch,1
directkeys,1
vardbg,1
algo_tests,1
debugger,1
dictdiffer,1
bookbot,1
dipy,1
pyMCDS_timeseries,1
camt,1
kodi_six,1
localclientwrapper,1
koios_python,1
decision_tree,1
directionalgraph,1
nondirectionalgraph,1
xbox_username_util,1
face_alignment,1
slackbot,1
fuzzy,1
dragon_knight,1
UART,1
CTkMessagebox,1
finn_exp,1
tensorflow_probability,1
set_module,1
Imaging_Server,1
firstsetup,1
mainfile,1
deamon_collect_urls,1
deamon_task_queue,1
deamon_all_dead,1
deamon_logs,1
twophase,1
hub,1
privy,1
encoders,1
nacl,1
whisperer,1
noise,1
noiseEncryption,1
xfab,1
hexrd,1
fabio,1
hdf5plugin,1
DANv1,1
objread,1
gen_black,1
sql_generation_agents,1
multiprocessing_on_dill,1
canals,1
mimetools,1
vmware,1
VsanConfigUtil,1
pyVmomi,1
vsanPerfPyMo,1
VsanHealthHelpers,1
VsanHealthUtil,1
cliutils,1
vsanmgmtObjects,1
meteor,1
miner,1
huawei,1
LevelGen,1
SteamAdapter,1
fusion_block,1
transformations,1
nlp_functions,1
nlp_tools,1
khaiii,1
rcnn,1
GetOldTweets3,1
mains,1
virustotal_python,1
res,1
qt_material,1
openDD2data_functions,1
lyft_dataset_sdk,1
DataMap,1
lyft2data_functions,1
custom_transformers,1
timeago,1
nmf,1
topi,1
loaddata_ori,1
loaddata_fastdepth,1
iouEval,1
nyu_transform,1
addict,1
accimage,1
IVD_Net,1
GazepointWebsockets,1
picklefield,1
jd_spider_requests,1
buildbot,1
crlibm,1
qoqa,1
build,1
colorCycle,1
highscore,1
stacys_mom,1
track,1
lazy_record,1
Country,1
destroyers,1
pytransform,1
analytics,1
game_AI,1
wordMatch,1
attacks,1
split_train_val,1
simplified_frame,1
sort_id,1
MovingArm,1
HandEngine,1
Head,1
baxter_external_devices,1
fresh_tomatoes_mod,1
pyA20,1
structures,1
mpmath,1
Controllers,1
Version,1
mpld3,1
crust1,1
st_screen_detector,1
streamlit_shortcuts,1
dot,1
exoplanet,1
pytest_astropy_header,1
feats_and_classify_py2,1
pycnn,1
feats_and_classify,1
cwi_util,1
porter,1
ibot,1
preproccess,1
pdf2docx,1
STFIWF,1
pycomm3,1
SHUKLA,1
geodesicxy,1
bass,1
hddm,1
vmtconnect,1
iso8601,1
litepiesql,1
BusinessPlans,1
thresholds,1
setSplits,1
autenticacao,1
edge_tts,1
wixpy,1
wal,1
opt_einsum,1
_fuse,1
datarepresentation,1
rq,1
scanJob,1
Webcrawler,1
yahtr,1
fintl,1
coverage,1
neural_net,1
mne_export,1
lazy,1
rally_openstack,1
rally_plugins,1
implicitshapes,1
dlt,1
unet3d,1
genlineart,1
mlutils,1
simple_settings,1
launchd,1
PyObjCTools,1
html_outputer,1
html_parser,1
html_downloader,1
pydicom,1
tensor,1
managers,1
bookingform,1
tokens,1
querysets,1
run_processing_aligner,1
bfx,1
pydot,1
prePostParser,1
args,1
password_primitives,1
Reaction,1
Helper,1
recaptcha_bypass,1
servers_db,1
EmergencyDispatcher_dialog,1
routeprovider,1
flexpolyline,1
sentiment_analysis,1
pre_model,1
socksipyhandler,1
ripemd,1
bci,1
deterministic,1
genomelink,1
plyer,1
cachetools,1
httpretty,1
accessible_output2,1
imageGen,1
flask_apscheduler,1
cmocean,1
ECMAScriptLLVMEmitter,1
ECMAScriptParser,1
ECMAScriptLexer,1
ECMAScriptCFG,1
repDNA,1
invagination,1
napari_tyssue,1
DecisionTree,1
DataSet,1
DecisionTreeLearning,1
pyrebase,1
stdlogging,1
add_parent_path,1
ase,1
tabula,1
RedNet,1
unicon,1
genie,1
td,1
mc,1
mdp_dp,1
empty,1
hiddenlayer,1
sacrebleu,1
loggingmodule,1
snapshot,1
simwrapper,1
Pyro,1
Simulation_v4,1
dqn4_with_RNN,1
pyad1,1
SystemdManager,1
Language,1
servers,1
stl,1
gloss_lookup,1
dataset_manager,1
complexity,1
hparam,1
Saver,1
Displayer,1
QNetwork,1
Agent,1
ExperienceBuffer,1
nimbus_airgym,1
ht,1
loop_test,1
Scrapper,1
SendEmail,1
GoogleSheets,1
custom_env,1
memories,1
duelling,1
ddpg_tf,1
Routers,1
impl,1
pyupbit,1
BackTesting,1
Predict,1
Mainwindow,1
colloect,1
simplecrypt,1
mmcli,1
SingleLog,1
screens,1
resources_rc,1
firmware,1
hw,1
stk500,1
finance_utils,1
flops_benchmark,1
quadprog,1
estimators,1
decomposition,1
pinyin,1
itemloaders,1
softwareupdater,1
build_component,1
com,1
dynaconf,1
twint,1
dxbotz,1
asgiref,1
yt_dlp,1
classifier_models,1
sos4hjb,1
basis_vector,1
chebyshev_vector,1
polynomial,1
monomial_vector,1
variable,1
triplet_mnist_loader,1
tripletnet,1
triplet_audio_loader,1
function,1
fs,1
egn,1
cosine_annealing_warmup,1
panoramasdk,1
cache_backends,1
example_server,1
frestq,1
attendance,1
biblearn,1
pysword,1
seed,1
xmltest,1
mGlobalConst,1
TCmdStringSck,1
model_Feature_AAN_correct_audio_video_pooling,1
model_Feature_AAN_only_audio_Pooling,1
tf_inception,1
document_loader,1
cohere,1
anthropic,1
mistralai,1
langchain_chroma,1
MLE,1
Tenuous,1
pygam,1
dmba,1
mkl,1
pyCMR2,1
P_MAS_TG,1
promela,1
test_master,1
fancytools,1
pyqtgraph_karl,1
scraping_functions,1
recognai,1
asterisk,1
Progressive,1
SLP,1
loginInfo,1
owlHelper,1
user_controller,1
decontaminate,1
Leap,1
qtconsole,1
hakkipaoli,1
gainmedium,1
measurement,1
moondream,1
replicate,1
cspbase,1
GetVICoef,1
VarInt3d,1
GetCP_from_MODIS,1
sqdistance,1
MODIS_floodmap,1
ubluetooth,1
ubinascii,1
tf2_ros,1
moco,1
dsgclass,1
slugify,1
ckanext,1
babel,1
pyrealsense2,1
frame_processor,1
metadata,1
accessors,1
accessor,1
Register,1
chatbox,1
DRTSP,1
svmloss,1
www,1
otoole,1
mip,1
stock_data,1
sendEmail,1
news_data,1
pin,1
capstone,1
openshift,1
sqlconnectivity,1
speak,1
send_msg,1
rlkit,1
ecosystem_tests,1
ecosystem_cicd_tools,1
pil,1
yolo_training,1
Runtime,1
defusedxml,1
enemies,1
newsapp,1
xxnews,1
v13,1
v13s,1
stegcrypt,1
create_test_data,1
rtmidi_python,1
cc_values,1
kazoo,1
etl,1
zhipuai,1
pydeck,1
api_handler,1
uart_config,1
lucid,1
tobii_research,1
hoodwinked,1
fetch_comments,1
sum,1
pc,1
preview,1
wordc,1
model_result,1
sumn,1
Practice_programs,1
qa_data,1
pyreadstat,1
saxonche,1
universe,1
EpsilonGreedy,1
NeuralNetwork,1
ImageProcessing,1
ReplayMemory,1
disentanglement,1
flask_caching,1
databend_py,1
hydraulicheadsimulate,1
local,1
simple_http_server,1
proxy_session,1
pacparser,1
ip,1
icmp,1
load_dotenv,1
substrateinterface,1
Mail_Modules,1
contig_analysis,1
dependencies,1
allel,1
pycolmap,1
se3,1
Cell,1
minishift,1
two_layer_net,1
install,1
gpio_buttons,1
follow_wall,1
pid,1
rethinkdb,1
gammatone,1
spafe,1
pystashop,1
pydruid,1
game_objects,1
losses3D,1
jmxquery,1
clr,1
IronPython,1
braincode,1
newspaper,1
topic_extractor,1
article_distance,1
localization,1
list_view,1
DCGAN,1
qpsolvers,1
fitHmm,1
dataReader,1
hmmlearn,1
multihmcgibbs,1
MultiHMCGibbs,1
create_sqs,1
create_server,1
read_sqs,1
process_video,1
flask_material,1
ibm_watson,1
copy_reg,1
conversation_tasks,1
django_celery_beat,1
celery_once,1
skeletons,1
students,1
braces,1
mactorii,1
Pyrex,1
wavelet,1
ilmo,1
memory_profiler,1
guppy,1
pylons_sphinx_themes,1
Cryptodome,1
infiniteidmanager,1
smartcard,1
connector,1
sprites,1
Objetos,1
funcionesGANTT,1
quantizer_polytope,1
mpi_worker_vqsgd,1
vecs_io,1
myutils,1
tf_variables,1
quantizer_scalar,1
mpi_worker,1
dbl,1
FacialDetect,1
characterClasses,1
gameObjectClass,1
levelClass,1
uiClasses,1
warpctc_pytorch,1
sodapy,1
openreview,1
hi_graph_connect_ends,1
diagnostic,1
grafos,1
estruturas_de_dados,1
lista_ligada,1
no,1
patterns,1
symlogo,1
animals,1
symlogo4,1
submodule,1
alpaca,1
pyclick,1
las1_3_handler,1
laspy,1
detect_note,1
fvm_lib,1
python_compact_model,1
fvm,1
sllgs_solver,1
ivp_lib,1
adbConnector,1
openCVParser,1
AirTrafficControl,1
flood_protection,1
testHelper,1
NotionService,1
csvdatatypes,1
droidcsvhandlerclass,1
modbed,1
filterset,1
context,1
markdownfield,1
related_forms,1
neighbours,1
mapbox_location_field,1
pysnmp,1
detecteurLangue,1
Ui_fenetre,1
trello,1
rejax,1
brax,1
tensorflow_ops,1
tiingo,1
fast_gp_block,1
extraction,1
min_jerk_step,1
Instruction,1
custom_layout_object,1
_utils,1
_ssl_compat,1
_exceptions,1
mem_local,1
probe_x86_64,1
mem,1
probe_ARMv7,1
mem_adb,1
bytes,1
assignment2,1
assignment1,1
assignment3,1
assignment5,1
cartoon_effect,1
userAddBooking,1
userBokking,1
UserDeleteBooking,1
Details,1
shieh_svd,1
getLSSplugin_dockwidget,1
getLSS,1
getLSSplugin,1
coll,1
firmiana,1
Parsing,1
create_bot,1
data_base,1
xcute,1
livereload,1
ProfessorProfileIndex,1
StudentProfileIndex,1
Assignment,1
camelot,1
riglab,1
rigicon,1
joint,1
optimize_truss_matlab_fea,1
UI_Logic,1
sessions,1
pso,1
algos,1
ib,1
car,1
evolution,1
win32net,1
spgg_dialog_options,1
pyvirtualdisplay,1
spgg_dialog_proc,1
spgg_dialog,1
spgg,1
googlesearch,1
pyjokes,1
drawing,1
iteration_utilities,1
FLAlgorithms,1
roombacv,1
conditionvideo,1
tatqa_utils,1
publish,1
DGK,1
message_formatter,1
two_body_modeling,1
CC_residue,1
Panels,1
include,1
feed,1
word_mover_distance,1
telegram_bot,1
transformers_summaries,1
summariser,1
namu_def,1
loginSytem,1
FinanceDataReader,1
LSTM_model,1
DRNN_model,1
dataset_generator,1
play_dataset,1
decord,1
sslgenerators,1
NeighborContainer2,1
ppadb,1
xirl_config,1
fgz_config,1
pyqtree,1
Batalla,1
waternet_anomaly_detection,1
autoencoderPreprocessor,1
AI_data_validation,1
program_top,1
uiMainWindow,1
vtEngine,1
eventType,1
uiBasicWidget,1
Wireframe,1
Features,1
darkdetect,1
loginUtils,1
face,1
part,1
translation,1
linetimer,1
dict2graph,1
geomol,1
WikiApi,1
jugador,1
KCM,1
flask_monitoringdashboard,1
predictFromModel,1
prediction_Validation_Insertion,1
training_Validation_Insertion,1
trainingModel,1
best_model_finder,1
DataTransform_Training,1
Training_Raw_data_validation,1
DataTypeValidation_Insertion_Training,1
DataTypeValidation_Insertion_Prediction,1
DataTransformation_Prediction,1
reuters,1
boardgamegeek,1
yatube,1
gospl,1
qa_bidaf_model,1
qa_stack_model,1
official_eval_helper,1
qa_selfattn_model,1
qa_baseline_model,1
qa_pointer_model,1
qframelesswindow,1
distutils_extensions,1
detectors,1
ldm,1
node2vec,1
fastPFP,1
ged4py,1
demo_topology,1
network_topology,1
switch,1
unets,1
autoencoders,1
img,1
cnns,1
KeywordForm,1
Fetcher,1
DictionaryDB,1
Definition,1
Keyword,1
bentoml,1
botornot,1
orderedset,1
tikzplotlib,1
DSCreator,1
ObjectInstance,1
doc,1
vae,1
nyu_dataset_loader,1
flow_transforms,1
classification,1
generation,1
vecto,1
hexagon,1
ui_PhotoWall,1
density,1
cutpaste,1
main_window,1
camera_settings_widget,1
tis_cam,1
qt_camera,1
data_saver,1
plugin_loader,1
HeidelTime,1
testApkTool,1
detectEnglish,1
wordPatterns,1
makeWordPatterns,1
freqAnalysis,1
paperclip,1
midia,1
gerar_site,1
mujoco_py,1
aiogram_unittest,1
todoserver,1
informsistemo,1
obd_com,1
lap_timer,1
shiftlight,1
tracks,1
gauges,1
recycleview,1
third_party_logistics,1
frappe,1
atariari,1
example_advertisement,1
example_gatt_server,1
WriteFeaturesMarkFDK,1
itf,1
reference,1
robofab,1
opensimplex,1
HSV,1
mynet,1
psi4,1
optax,1
dull,1
pbft,1
latinverify,1
UrlContentGetter,1
HtmlVerify,1
pushbullet,1
mondo,1
self_atten_op,1
sem3d,1
func_update,1
lines,1
aiohttp_jinja2,1
zeta,1
imputation,1
categorical,1
feature_scaling,1
data_input,1
seller,1
Sentence,1
Datum,1
Corpus,1
wraper,1
flask_oauthlib,1
Gene,1
deck,1
gridrec,1
netasm,1
googleapiclient,1
data_problems,1
my_project,1
emulation,1
uiWebServer,1
SimpleHTTPServer,1
pbr,1
torchinfo,1
example_config,1
api_helper,1
print_helper,1
brother_ql,1
object_to_xml,1
paddleslim,1
ppdet,1
export_utils,1
emojis,1
FakeRPi,1
ponko,1
ida_frame,1
ida_idp,1
ida_nalt,1
ida_segment,1
ida_struct,1
ida_ua,1
ColorMapping,1
wfa,1
munkres,1
opencensus,1
pyconfs,1
burp,1
MazeGame,1
RoomClass,1
HeroClass,1
ChestClass,1
MonsterClass,1
chat,1
Assignment3,1
mercury,1
mark_version,1
trackers,1
deep_sort,1
mobile,1
Admin_panel,1
language,1
meshio,1
stegano,1
esFrontLine,1
_subprocess,1
tests_by_bug_id,1
curriculum,1
audio_recorder_streamlit,1
voice_recording,1
Customer,1
duckpond,1
CommonMark,1
widget_coms,1
widget_launch_control,1
tabs,1
piplates,1
jose,1
fastapi_mail,1
tiles,1
geom,1
GPIOLibrary,1
orca,1
blog_themes,1
rwkv,1
random_walk,1
die,1
text_cnn,1
animal_face_2,1
pubg_python,1
slider_gallery_frame,1
heatmappy,1
Trains,1
NetArch,1
rotary_irq_rp2,1
ssd1306,1
rp2,1
rotaryio,1
garbage_detector,1
CD_CSG,1
GenLearning,1
gen_rsa_kp,1
indeed,1
CTkListbox,1
ScratchListener,1
ScratchLexer,1
MyBlock,1
do_testow,1
hangman_words,1
replit,1
hangman_art,1
EmbyTools,1
tem,1
sem,1
main_win,1
video,1
centroid_tracker,1
YOLOv3,1
kalman_tracker,1
data_association,1
bloomy,1
QYcalculator_functions,1
results_tab,1
testPlots_tab,1
MPLplot,1
trimesh,1
telegraph,1
imps,1
dtw,1
visual_shape_image,1
geonode,1
SonicScrewdriver,1
PhraseCounter,1
NormalizeVolume,1
gui_maze,1
gui_HellOrTreasure,1
hyper_paras,1
lda,1
a_Model,1
ges,1
pptx,1
oximeter_script,1
ycm_core,1
MAPI,1
zarafa,1
urlwatch,1
MachineLearning,1
PrallelCode,1
GetNamesByClass,1
Pdf2Text,1
NumToWordsOG,1
coincurve,1
openaq,1
airaq,1
lwr,1
cs,1
__version__,1
openpmd_timeseries,1
interactive,1
data_reader,1
reversesrc,1
pybert,1
main_atomic,1
main_conceptnet,1
lightning_utilities,1
heatmap,1
ingen,1
preprocessors,1
pre_check,1
stackedset,1
nnarch,1
SpeechRecognition,1
watchdog,1
ethereum_spec,1
parse_generate_spec,1
anthropic_api,1
prompt_input,1
consistency_models,1
matcher,1
vectorutils,1
queryeval,1
RelationshipPage,1
NodeFile,1
RelationshipStorageManager,1
Property,1
DataPage,1
Node,1
Label,1
LockManager,1
Relationship,1
BufferManager,1
tensorflow_model_optimization,1
net_work_def,1
vid_read,1
upgrade,1
status_params,1
setup_ranger_kafka,1
graphmaker,1
arcrest,1
Ice,1
ts3tools,1
keytools,1
updateaccounts,1
ldaptools,1
redis_wrap,1
reddittools,1
emailtools,1
authutils,1
gdalconst,1
defaults,1
ipredictor,1
idp,1
bpy_extras,1
key,1
rna_keymap_ui,1
reward_functions,1
evals,1
data_loaders,1
github3,1
efficientnet,1
classification_models,1
umbral,1
jacc,1
jutil,1
flask_testing,1
package_status,1
ZeoRawData,1
sphinxcontrib,1
Detergent,1
image_slicer,1
endpoints_config,1
vendor,1
Home,1
truck,1
Wikipedia,1
json_inference,1
gnumpy,1
wheel_gui,1
loghelper,1
mock_serial,1
comportconfig,1
listports,1
cosine_similarity_directors,1
profitable_countries,1
budget_revenue_extractor,1
cosine_similarity_actor,1
kmeans_producers,1
app01,1
pathlib2,1
mysql_dao,1
proof_parser,1
demoapp,1
stats,1
subsampling,1
filtering,1
greenery,1
lex,1
lexer,1
inclusion,1
yacc,1
NL2Let,1
requests_toolbelt,1
xnotipy,1
kthread,1
canvas_functions,1
mdit_py_plugins,1
TextTokens,1
ta,1
Adafruit_BMP085,1
kernel_mapping,1
uwsgi,1
my_em,1
bluprints,1
spiderflow,1
optimal_path_cython,1
search_path,1
optimal_path,1
bresenham,1
CompleteProcessing,1
HazardAssessment,1
MonthlyDistribution,1
pyHook,1
wikisearch,1
lfw,1
epu_index,1
snowflake,1
supernet_engine,1
Sequence,1
Fasta,1
fasta,1
hmmer3,1
sequence,1
itkExtras,1
itkTemplate,1
girder_jobs,1
girder_worker,1
girder,1
widgets,1
recognize,1
check_camera,1
capture_image,1
train_image,1
meshoid,1
realistic_stars,1
aggdraw,1
CrunchSnaps,1
sources,1
seg,1
paddlehub,1
tradingWithPython,1
future_builtins,1
DataUtils_large,1
Net,1
hottbox,1
DataUtils,1
teradata,1
sineModel,1
dftModel,1
utilFunctions,1
A2Part1,1
A2Part5,1
A2Part2,1
A2Part3,1
A2Part4,1
easytorch,1
basicts,1
mercurial,1
gmic,1
tokenizers,1
shopping_cart,1
PyPDF3,1
pool,1
driver,1
ldp,1
ilt,1
ladon,1
discrete,1
calculation_utils,1
OriginalLouvain,1
AverageF1Score,1
py4j,1
anchor_loss,1
PS1,1
checkpoint,1
enums,1
selectorlib,1
svd,1
downloader,1
newsreader,1
neural_fingerprints,1
resnetcifar,1
model_v5,1
lws,1
orig_resnet,1
rivescript,1
cp_hw6,1
frame_processing,1
ahrs,1
ahrs_plot,1
scaper,1
user_manager,1
exchange_api,1
sql_module,1
blockchain_transation_manager,1
blockchain_wallet,1
build_support,1
thumbnails_view,1
densenet,1
annotate_clusters,1
examination,1
results,1
toplevels,1
admin_keyboard_shortcuts,1
image_quality_evaluate,1
build_dataloader,1
rasa_sdk,1
webmapping,1
mptt,1
wakepy,1
geonav_transform,1
win32security,1
examples,1
evodevo,1
arnmiguel,1
linqpy,1
whisperspeech,1
rich_argparse,1
db_ops,1
helpdesk,1
triton,1
insight_face_openvino,1
basetrack,1
tracker,1
pack,1
pingouin,1
trident_cfg,1
protocol,1
requests_ntlm,1
nipy,1
PrPy,1
locals,1
ImportUtil,1
HsiUtil,1
IsUtil,1
TimeUtil,1
TypeUtil,1
FileUtil,1
dic,1
i18n,1
esm,1
blosc,1
cyaron,1
genius_agent,1
agent_functions,1
agent_construct,1
agent_model,1
memgpt,1
checkFileFormat,1
nni,1
ot,1
yemianjiexi,1
ybplugins,1
pgoapi,1
s2sphere,1
pokemon_pb2,1
gpsoauth,1
protos,1
protobuf_to_dict,1
steganographer,1
svd_steg,1
MSA,1
answer_extraction,1
scratchpad,1
create_graphs,1
contrib,1
Library,1
uota,1
cabinet,1
NeuralEmbedder,1
sentiment,1
rdp,1
pysndfx,1
wordsretriving,1
Memrise,1
generate_latex,1
summarise,1
poster_layout,1
doc_parse,1
aylienapiclient,1
model_params,1
nupic,1
constant,1
jit,1
recorder,1
myWave,1
dspUtil,1
mean_var_std,1
myimg,1
hw1_np,1
device,1
drum,1
novaclient,1
glanceclient,1
mox,1
quantumclient,1
keystoneclient,1
cloudfiles,1
skin_classifier,1
nude,1
training_data,1
PyRSS2Gen,1
bin,1
debfile,1
apt_pkg,1
statsgenerator,1
private_connect,1
RegisterPygment,1
makeTable,1
gnomevfs,1
gtkhtml2,1
gedit,1
pyhive,1
pandas_td,1
image_preprocessing,1
corner_detector,1
deskew,1
safe_sora,1
hpsv2,1
dvc,1
ColorPrint,1
UnqChef,1
sitecustomize,1
django_auth_ldap,1
slac_ci,1
collate,1
gcoder,1
DPT,1
vision_transformer,1
settingsReader,1
send2trash,1
libc,1
cutecharts,1
pretrainedmodels,1
ExemplarGAN,1
authorizenet,1
jsonpointer,1
thecache,1
cmanager,1
adminInterface,1
userinterface,1
ttkwidgets,1
cloudinary,1
googlefinance,1
MSFaceAPI,1
imageUpload,1
stats_func,1
modalitydrop_generator,1
PyScalix,1
pyscalix,1
register,1
quantum_register,1
qsy,1
classical_register,1
fontTools,1
busio,1
adafruit_mpu6050,1
email_graphic,1
FilterCvQtContainer,1
pygubu,1
AverageReadsMain,1
sshtunnel,1
DBInteraction,1
database_to_json,1
preprocessing_crime,1
EX,1
translate_coord,1
nlpnet,1
play,1
DobotDemoForPython,1
cntk,1
receiver,1
packet,1
sender,1
kerassurgeon,1
NIVGG,1
load_dataset,1
ezreal,1
p2l,1
web_dynamic,1
allure_commons,1
nattraverso,1
textgrid,1
Graphics,1
captioner,1
pybase64,1
Gui,1
StartPage,1
ManualPage,1
ExitPage,1
PageOne,1
stepic,1
pydata,1
pygui,1
PytorchModel,1
ParamGrid,1
resource_monitor,1
grpc_tools,1
WikiDBBZ2,1
huMoments,1
computeMHI,1
cython,1
fairseq_cli,1
Training,1
asciidocapi,1
processingWithFair,1
pageObjects,1
concolicexecutor,1
epy_block_0_0,1
epy_block_0,1
epy_block_0_0_1,1
hblink,1
log,1
voice_lib,1
pdfkit,1
algebra_helpers,1
def_visual,1
analizadorlexico,1
ModelTraining,1
ImageParser,1
ImageClassifier,1
strawberry,1
Displayer_3,1
ComputerAI_3,1
Grid_3,1
PlayerAI_3,1
BaseAI,1
mock_agent,1
objectpath,1
opcua_empa,1
pw_cl,1
requests_negotiate_sspi,1
pw_gui,1
streamlib,1
QtFusion,1
figure15_helpers,1
mws,1
SHT31,1
codes,1
gtudata,1
amuthaa,1
live_cam,1
mathod,1
callsmusic,1
xor,1
extract_msg,1
splash_screen,1
brokenaxes,1
back_corr_mazet,1
pymcr,1
auxiliary_funs,1
point,1
psrecord,1
coder,1
threadmanager,1
logcontrol,1
convenience,1
tensorpack,1
tfutils,1
controltools,1
rigtools,1
LoadBatches,1
Circles,1
MapGenerator,1
watson_developer_cloud,1
mermaid_representation,1
task_analysis,1
paintings_dictionary_functions,1
introspection,1
creation,1
operations,1
schemaEditor,1
net_bed,1
test_passes,1
test_ops,1
pass_test_unit,1
instaloader,1
pandas_ta,1
mexc_sdk,1
gpxpy,1
HelloWorld,1
BearNuisance,1
img_preprocess,1
transporter,1
morphology,1
aud,1
Clusterer,1
vplantr,1
list_utils,1
geometry_utils,1
vgraphics,1
vworldr,1
progressBarClass,1
ProductInfo,1
asgi_redis,1
chapter_2,1
chapter_1_charlieguo,1
chapter_3,1
chapter_1,1
crowdsource,1
ensemble_creation,1
rspn,1
spn,1
pycuda,1
uniformer,1
onnx_graphsurgeon,1
polygraphy,1
trajectory_msgs,1
nips2016,1
Steganography,1
FaraData,1
local_settings,1
chess_board,1
dataset_loader,1
checked_resonances,1
compute_scatter,1
compute_resonances,1
compare_eigs,1
adapters,1
azure,1
ffpyplayer,1
mnist_backward,1
ARNets,1
data_loader_for_2HSIs_pretrain,1
certipy,1
delta2,1
impacket,1
extractive,1
pyromod,1
super8scan,1
s8s_common,1
fakeredis,1
CONTINWrapper,1
AutoCONTIN,1
pympler,1
char_map,1
apply_annotatePeaks,1
biological_replicates_folder,1
peaks,1
load_bedgraph,1
compare_with_ripchip,1
add_height,1
info_for_text,1
flasgger,1
srez_input,1
srez_demo,1
srez_model,1
srez_train,1
pqaut,1
ci_screen,1
shovel,1
behave,1
plinkio,1
network_params,1
energy_consumption_previson,1
production_prevision,1
client_ta,1
client_ts,1
xacro,1
nav2_common,1
assessment,1
config_share,1
file_operate,1
hudong_class,1
neo_models,1
singleton,1
package_name,1
netaddr,1
lane,1
calibration,1
threshold,1
rnncell,1
null,1
tetrominoes,1
kezmenu,1
scores,1
kezmenu_effects,1
pynotify,1
render,1
analisis_y_estrategia,1
SeguimientoRangos,1
ContadorEstrategia,1
ExtraccionDatos10s,1
estrategia6,1
ichimoku,1
RSI,1
cambiar_monto,1
Ejecucion,1
ADX,1
Base,1
valid,1
applications,1
data_name,1
data_location,1
pyserini,1
gfxutil,1
Adafruit_ADS1x15,1
jmessage,1
microdrop,1
path_helpers,1
microdrop_utility,1
pygtkhelpers,1
openpyxl_helpers,1
trollius,1
mr_box_peripheral_board,1
flask_jwt_extended,1
imports,1
ga,1
define,1
completely,1
random_user_agent,1
torchcrf,1
dataaugmation,1
asana,1
gnupg,1
curve25519,1
smmp,1
stem,1
piccolo_admin,1
beepy,1
pytmatrix,1
Addic7edUtilities,1
xbmcvfs,1
sfsnet_predict,1
sfsnet_train,1
Window,1
WindowManager,1
MapManager,1
gaussian_sample_layer,1
lstm_sampleable_layer,1
Attention_BiLSTM_model,1
OSC,1
split,1
bedparser,1
pybedtools,1
foodapp,1
keystoneauth1,1
heatclient,1
compare_image,1
results_gui,1
imageViewer,1
editBar,1
patchify,1
adjustFrame,1
filterFrame,1
muhcore,1
bodynet,1
SSDUtil,1
bodynet_,1
ArrayInitParser,1
JavaLangParser,1
bot_handlers,1
ivy,1
rasa,1
bdd,1
tinkoff,1
aiosqlite,1
centre,1
movements,1
kinematics,1
motorControl,1
mailersend,1
menu_principal,1
aula1602,1
motobot,1
irc_level,1
irc_bot,1
priority,1
geekbackend,1
addtasks,1
propagation,1
cnm,1
rabbitChat,1
sockjs,1
dashboard,1
broadscope_bailian,1
blocking_socket_transferer,1
gptorch,1
InkML,1
aes,1
basic_cnn,1
basic_ae,1
atn_model,1
dessiner,1
deplacement,1
siri,1
jupyter_packaging,1
terminal,1
notebook,1
websocket_handler,1
prompt,1
colorspacious,1
apptopo,1
appcontroller,1
appprocrunner,1
stravalib,1
linear_attention_transformer,1
dataset_forecasting,1
main_model,1
cwiid,1
fluidsynth,1
kraken,1
trade,1
coingecko,1
ListStacker,1
usaddress,1
story,1
events,1
ansi,1
win32,1
winterm,1
capture,1
scholarly,1
dblp,1
deepsim_btree,1
leaves,1
behaviour,1
composites,1
node_comm_pb2_grpc,1
master_comm_pb2_grpc,1
node_comm_pb2,1
datastructures,1
_internal,1
sansio,1
ament_pep257,1
ament_copyright,1
ament_flake8,1
bayes_net,1
semantic_network,1
tpi2,1
genAccounts,1
rlp,1
eth_typing,1
initializers,1
bqplot,1
TrainingDashboard,1
standard_fields,1
slicer,1
geoip2,1
Base_Applet,1
almonaut,1
opster,1
profile_pieces,1
KNN,1
Dataframe,1
bidi,1
arabic_reshaper,1
zarnevis,1
shap,1
mlcomposer,1
netflixcolombia_bot,1
prueba,1
tts,1
model_test,1
fonts,1
dht,1
st7789,1
ustruct,1
elastalert,1
mandrill,1
tone,1
pdf,1
prjxylene,1
shell_exe,1
rect_union,1
db_connection,1
geozone,1
prefect,1
language_mode_datasets,1
bot_utils,1
utk_mail,1
canvas_utils,1
canvasapi,1
imgkit,1
wnck,1
appindicator,1
autolab,1
PyKDL,1
tf_conversions,1
tfx,1
html_image_filler,1
ai_secret_sauce,1
b2sdk,1
script_to_image,1
streamlit_javascript,1
pytorch_grad_cam,1
gym_driving,1
mainform,1
mainform_ui,1
fabric_settings,1
load_2048cases,1
State,1
demo2048,1
pyramid_basemodel,1
tx,1
pyga,1
controller2d,1
live_plotter,1
cutils,1
attack_models,1
evaluate_models,1
evaluate_model,1
physics,1
StringFilters,1
OnJoin,1
DamnDog,1
json5,1
fix_yahoo_finance,1
raw_reader,1
HanTa,1
pyfastx,1
LibVisualisation,1
csv_formats,1
db_utils,1
pyDes,1
val_triple,1
val_dual,1
DataHelper,1
ahc,1
pymeeus,1
sunmoon,1
Weather_Air_regular,1
cap_mpfit,1
let_me_play,1
E,1
onnxsim,1
tensorflowjs,1
rebulid,1
chardataeffect,1
inkex,1
Changing_DWave_Output_Jake,1
classifyPlayers,1
templates,1
types_,1
extract_number,1
emission_calc,1
primesieve,1
geez,1
semiring,1
bert_score,1
flask_oauth,1
news_crawler,1
Domoticz,1
samsungctl,1
libpurecoollink,1
pilot,1
brping,1
polyseed,1
ISM330DHCX_FTDI_I2C,1
ISM330DHCX_RASPI_I2C,1
ISM330DHCX_RASPI_SPI,1
pyftdi,1
hexdump,1
modify_output,1
draw_rect,1
crop_utils,1
helperfuncs,1
unmarshal_api,1
irf_util,1
Composite2,1
skymaps,1
SummedLikelihood,1
GtApp,1
uw,1
pyLikelihood,1
UnbinnedAnalysis,1
BinnedAnalysis,1
vigra,1
randomforest,1
randomforest_functions,1
bleak,1
pycycling,1
pims,1
snakes,1
hopebase,1
imageTest,1
factorization,1
optimized_pwm,1
pebble,1
algebra_utils,1
writetosqlite,1
triceps,1
intent,1
data_sources,1
fsgan,1
ev3dev2,1
lazy_sort,1
my_edit_distance,1
parse_rules,1
language_model,1
pymorphy2,1
cut_data,1
llama_index,1
djmoney,1
eventbrite,1
dxfgrabber,1
pngcanvas,1
colorfield,1
generate_page,1
split_links_and_images,1
inline_markdown,1
text_to_textnodes,1
simulate,1
webSearch,1
colorFinder,1
ui_main,1
test_rc,1
mixins,1
pyppeteer,1
ShouTao,1
execjs,1
testinfra,1
flask_appbuilder,1
gruschen,1
aggregators,1
pyngrok,1
httpd,1
help,1
CustomTopo,1
sand,1
ttictoc,1
deploysettings,1
fabdeploytools,1
newrelic,1
aesfield,1
mydy,1
start,1
creator_list,1
IMDB_scraper,1
movieSpider,1
huannlp,1
CRF,1
HMM,1
viterbi,1
Website,1
my_fn,1
ODE,1
account_voucher,1
account_invoice,1
quepy,1
Cheetah,1
diesel,1
fapws,1
bjoern,1
Cookie,1
meinheld,1
rocket,1
mako,1
ui_PyCloudRegister,1
ui_PyCloudLogin,1
ui_PyCloudUpload,1
ui_PyCloudDownloader,1
ui_PyCloud,1
ui_PyCloudLoginRegsiterWindow,1
correlation,1
splotch,1
loadfiles,1
profit_curve,1
ROC_curve,1
utility_func,1
distinct_n,1
jsonrpc,1
featureExtraction,1
ridgeModel,1
nox_poetry,1
ttdt,1
clipboard_gtk_xclip,1
clipboard_gtk,1
db_sqlite3fts,1
browser,1
ai,1
mainFrame,1
panel1,1
panel2,1
notifiCat,1
ConfigSpace,1
smac,1
h2o,1
lenskit,1
myfm,1
autosklearn,1
flaml,1
surprise,1
pybullet_envs,1
divrank,1
janome_segmenter,1
lexrank,1
hdfs,1
crfsuite,1
crfutils,1
dataset_regdb,1
my_utils,1
data_util_3,1
q3_sgd,1
q1_softmax,1
q2_sigmoid,1
q2_gradcheck,1
rasa_nlu,1
travel_2,1
arquivo2,1
subscribely,1
api_jws,1
imagenet_vid,1
env2048,1
instapy_cli,1
dill,1
lifting,1
estimator,1
datafreeze,1
keyboardAgents,1
distanceCalculator,1
busters,1
HAND_game,1
HAND_asl,1
HAND_mouse,1
eel,1
HAND_rc,1
HAND_keyboard,1
fresh_tomatoes,1
audtorch,1
photowall,1
ADKG,1
epd2in7,1
epdconfig,1
message_repository,1
boe_api,1
MLEXPS,1
ProfileC,1
ReviewC,1
WatchC,1
HomePageC,1
LSCode,1
HomePageUi,1
BTrees,1
ZODB,1
multicraft,1
glog,1
ips,1
rfc6266,1
PYIN,1
SparseHMM,1
staff,1
personaldialog,1
databasepg,1
table,1
pdfquery,1
ftfy,1
pylatexenc,1
tinytag,1
libmproxy,1
netlib,1
ImageEnhance,1
Messenger,1
PyCmdMessenger,1
ourlogging,1
code_audit,1
ping3,1
build_res_apks,1
materialDialog,1
wizard,1
plothandler,1
resnet_rn06_eembc,1
conform,1
acapture,1
tidylib,1
topia,1
IPy,1
protexial,1
abstract_api,1
disaster,1
conftest,1
msgPush,1
common_functions,1
flask_json,1
mancala,1
game_state,1
highlight,1
pgvector,1
mmoutils,1
mmobase,1
ts3,1
ddddocr,1
benchmarking_envs,1
dealing_cards,1
dds,1
doubledummy,1
xmljson,1
xmlschema,1
models_binary,1
SIDTD,1
batcher_kfold_binary,1
protactive,1
sklearn_pandas,1
probabilistic_unet,1
mog,1
nflib,1
flows,1
kinto_client,1
aikaStart,1
offset,1
urlgrabber,1
rpmUtils,1
crud,1
BookProject,1
voc,1
scihub,1
sparse_nmf,1
resampy,1
wavPlot,1
nn_model,1
sig_subfuncs,1
msgpack,1
compounder,1
dircheck,1
rigRetargetHelpers,1
importExportHelpers,1
csv_data,1
pycaret,1
baseParameter,1
vanillaParameterObjects,1
glyphObjects,1
rlbot,1
cogs,1
conv_layer,1
pooling_layer,1
activator,1
fully_connect_layer,1
LocalSearch,1
chunkypipes,1
motors,1
distributed,1
prepro,1
pyrouge,1
pandora_cloud,1
pandora,1
migrations,1
pyreadline3,1
turbo,1
deep_translator,1
Galank,1
card,1
logic,1
ai_player,1
qasync,1
fastpathology,1
transformer_net,1
PyKE,1
kplr,1
orbit,1
ma02,1
SemiBin,1
control,1
crontab,1
diabetes_regression,1
datainfo,1
files_rc,1
runners,1
gh,1
gidgethub,1
wpca,1
resultado_serp,1
search_result_scraper,1
mwclient,1
WordSegmentation,1
integrate,1
preIntegrate,1
PreProccesImage,1
smal,1
chumpy,1
numpngw,1
mysettings,1
city,1
outdoors,1
safety,1
leisure,1
education,1
chat_skill_server,1
sumolib,1
pyjojo,1
toro,1
source_rc,1
DataLib,1
segment_anything,1
box,1
sam,1
win_inet_pton,1
os_check,1
anew_vectorizer,1
feature_generating,1
vectorizers,1
imposm,1
mdtraj,1
orchestrator,1
data_download,1
transcribe,1
wer,1
nlgeval,1
stanfordnlp,1
bow,1
bilstm,1
ensemble,1
vocabulary,1
custom_train_tools,1
seqscore,1
social_flask,1
flask_mongoengine,1
QuadCTRL_ui,1
Adafruit_GPIO,1
displaysrs,1
basic_backend,1
mvc_exceptions,1
connect_to_cloud,1
fastreid,1
PARAMS,1
char_img_gen,1
_surface,1
CGLtk,1
_multiscale,1
_contour,1
FitMap,1
Rotamers,1
Matrix,1
MultiScale,1
CGLutil,1
VolumeViewer,1
Surface,1
axes,1
VolumePath,1
VolumeData,1
langchain_groq,1
groq,1
vqa,1
vqaEvaluation,1
problem_unittests,1
chatbot,1
portpicker,1
plot_results,1
pdln_classifier,1
docx2pdf,1
authHandler,1
videoprops,1
wsc_utils,1
gene,1
trait,1
population,1
xesmf,1
inversion,1
model_util,1
main_multi,1
pathos,1
estimate,1
emax_v2,1
simdata_v2,1
qtDrawQuote,1
PathLinker,1
Dynamic_Program,1
ksp_Astar,1
goslate,1
pafy,1
model_GeomGCN,1
portscanfp,1
Counter_Measures,1
Conn_tracker,1
reset,1
configmaster,1
exc,1
spi,1
smpl,1
global_utils,1
lost,1
robobrowser,1
icpc,1
rcpy,1
car_control,1
line_follower,1
KMeans,1
practnlptools,1
spacy_parser,1
irsdk,1
bridge,1
App_Playpen,1
Crappy_App_Logic,1
nibbler,1
pyxbmct,1
dynamixel_sdk,1
UCD_Hand,1
RapidLM,1
telegram_bot_run,1
telegram_bot_api,1
fabric_gunicorn,1
dbhash,1
xcp,1
XenAPI,1
vhd_bitmaps,1
TokenTable,1
InstTable,1
password_manager,1
SqliteUtils,1
streaming,1
strings,1
HackRequests,1
readme,1
mybooks,1
pytrec_eval,1
kahoot,1
chat_bot,1
ahocorasick,1
mask2former,1
dshmp,1
davis2017,1
layouts,1
win32ui,1
underthesea,1
allennlp_models,1
loaddata,1
python2,1
optimize,1
policies,1
net_sac,1
buffer,1
Artist,1
Search,1
small_jobs,1
PDV2,1
JanelaPrincipal,1
Cadastro_Produto3,1
Alterar_Produto3,1
NN_AOG,1
okada_wrapper,1
utm,1
wmseg_helper,1
wmseg_eval,1
wmseg_model,1
ptvsd,1
myinjector,1
myproxy,1
CifarDataUtil,1
KNearestNeighbor,1
VertexWeight,1
JointLearning,1
ProcessData,1
sgc,1
MAS,1
rasterstats,1
tinys3,1
DBManager,1
soundProcessing,1
datagen,1
flash_attention,1
flash_attn,1
venue,1
castle,1
mob,1
mpo,1
vim_multiuser_server,1
vim_multiuser,1
rag,1
blessed,1
IMU,1
backtesting,1
model_cls,1
schedules,1
nornir,1
CifFile,1
pyFDMNES,1
newsbeat,1
httpJson,1
pyrelic,1
safeid,1
ParseCHE,1
nolds,1
questions,1
api_calls,1
tree_sitter,1
problem,1
contest,1
project_utils,1
sage,1
partialfn,1
test_user_authentication,1
_pcl,1
fuzzy_controller,1
additional_controller,1
pybenchmark,1
xlrd2,1
Face_recognizer,1
parse_xml,1
my_categorical,1
final_attention_layer,1
progbar,1
AttentionWithContext,1
colorer,1
replacement_policy,1
terminaltables,1
cache_guessing_game_env_impl,1
table_lib,1
lmfit,1
augment,1
packet_creator,1
monitor,1
scanner,1
entity,1
ShuffleClassifier,1
imagehash,1
Contrast_loss,1
ResNet,1
psyco,1
hotshot,1
sentiment_analyser,1
images2gif,1
ChatUI,1
mamba_ssm,1
kinova_msgs,1
admin_extra_buttons,1
django_regex,1
Quartz,1
CoreText,1
grapher,1
authentication,1
estnltk,1
tts_preprocess_et,1
pydrive2,1
testsuite,1
drmaa,1
mcdnn,1
daas_slack,1
flask_lambda,1
map_utils,1
stock_base,1
perceptron,1
my_linear_regression,1
EventsGUI,1
ObjectManagerGUI,1
CalibrationsGUI,1
OFS,1
ZPublisher,1
surf,1
function_basis,1
pycrfsuite,1
Pycluster,1
SdA,1
run_search,1
my_air_cargo_problems,1
bitsandbytes,1
channelsdemo,1
LaneFinding,1
generate_spatial_comparisons,1
postcodes,1
find_neighbors,1
minimap2_cactus_aligner_toil,1
cigar,1
libtbx,1
av,1
DataGenerator,1
MachineSegmenterApp,1
bet,1
country_checker,1
viz,1
ela,1
spatial_auto,1
pysal,1
pync,1
read_pages,1
index_convergence,1
skipthought,1
infersent,1
bolod,1
classifiers_training,1
image_display,1
plate_localization,1
char_recognition,1
char_segmentation,1
turicreate,1
sapians,1
lexerv2,1
cnn_ocr,1
infer_cnn_ocr,1
filter_dblp_xml,1
update_intermediate,1
combine,1
filter_to_new,1
update_paper_link_flags,1
abstracts,1
parse_dblp_xml,1
update_changelog,1
bulk_preprint_search,1
filter_by_keywords,1
awards,1
process_paper_links,1
PyInstaller,1
parse_config,1
OpenImageIO,1
vgg19,1
data_parse,1
location,1
style_parser,1
MobpexPythonSDK,1
wordfreq,1
multichecks,1
diagcodes,1
eyeliner,1
VR_methods,1
iZAV,1
filter_para_config,1
pyftpdlib,1
data_aug,1
box_utils,1
whois,1
Mailman,1
win32service,1
win32serviceutil,1
servicemanager,1
smtpy_api,1
strex,1
bitmaps,1
notedown,1
rest_framework_jwt,1
Newspaper,1
tradetracker,1
bcrypt,1
probe_calibration_wizard,1
img2pdf,1
verge_retrival,1
permissions,1
oauth2_provider,1
fig2latex,1
deluge,1
RTLearner,1
DTLearner,1
InsaneLearner,1
fastaorseqdialog,1
base_path_dialog,1
deletedialog,1
gibsonsingledialog,1
weblogo,1
MainLibrator_UI,1
mutationdialog,1
findkeydialog,1
fusiondialog,1
codon_optimize_dialog,1
htmldialog,1
LibDialogues,1
LibratorSQL,1
aa_or_nt,1
gibsonclone,1
updatesequencedialog,1
userepitopedialog,1
fusiondialogNarrow,1
LibratorSeq,1
dnachisel,1
VgenesTextEdit,1
sequenceedit,1
treedialog,1
gibsonalignmentdialog,1
jointdialog,1
idmutationdialog,1
ui_VGenesTextEdit,1
userdefinedialog,1
HA_numbering_function,1
mafese,1
feedgenerator,1
tinyapp,1
jsonpickle,1
game_agents,1
game_engine,1
PROJECTILE,1
folder_paths,1
nodes,1
aisTrajectoryProcess,1
bases,1
ezgo_reader,1
Helix,1
image_model,1
contourArc,1
surfaceRectangle,1
surfaceCircle,1
contourRoundRectangle,1
drillHolesGrid,1
millingParameters,1
pocketCircle,1
pocketRectangle,1
contourRectangle,1
pocketRoundRectangle,1
contourHoles,1
contourMillHolesGrid,1
drillHoles,1
kernel,1
gridsearch_params,1
replay,1
environments,1
mahotas,1
BrightField_Segmentation_final,1
vte,1
mateconf,1
atril_dbus,1
synctex,1
grepg,1
longdpole,1
serializer,1
gitlab,1
comtypes,1
pycaw,1
jobs,1
MyFLq,1
pplexer,1
mnemonic_code,1
bitcoin_secp256k1,1
pubkey_address,1
pbkdf2,1
blockfile_parser,1
opcode_declarations,1
script_utils,1
leveldb_parser,1
elliptic_curve_math,1
yacs,1
dtd,1
quadratic,1
houghTransform,1
blankpythonproject,1
ffs,1
new_google,1
formeval,1
ngram,1
nca,1
fig2img,1
sen2vec,1
RF_model,1
preprocesador,1
sentipt,1
flask_bootstrap,1
sample_solution,1
nolearn,1
dc_management,1
list_operate,1
anki,1
Template,1
aqt,1
plat,1
vintage,1
ex_commands,1
data_mining,1
web_ui,1
apiclient,1
mednickdb_pyparse,1
transconv3,1
LDutil_str_gauss,1
livenessmodel,1
monster,1
bubble,1
decorations,1
AI,1
UnrecognizedFaceMO,1
RecognizedFaceMO,1
AdminMO,1
FacesMO,1
make_chunk,1
zoom,1
DexParser,1
showDown_hd,1
showDown,1
buzhug_info,1
buzhug_algos,1
buzhug_files,1
Matching,1
Multitask_predict,1
check_duplication,1
sdl2,1
aou_workbench_client,1
CASC_solver,1
flask_marshmallow,1
marshmallow_sqlalchemy,1
end2end,1
bg_modulate,1
sparsemax,1
scenes,1
todo,1
xmlenc,1
saml2,1
xmldsig,1
graphicsCrawlerDisplay,1
pyinotify,1
ctcdecode,1
ww_benchmark,1
reads,1
apyori,1
BackendBestBooks,1
icepyx,1
s3fs,1
torrent_parser,1
connectionToPeer,1
piece_downloader,1
launchlibrary,1
parable,1
wolfram_alpha,1
memetext,1
reddit_handler,1
leet,1
choice,1
brainfuck_interpreter,1
htmlsplit,1
urban_dict,1
web_archive,1
html_janitor,1
rand_frog,1
archive_is,1
statuscheck,1
pawt,1
new_xkcd,1
startup,1
reminders,1
replace_vowels,1
chunkdecorator,1
hn,1
rollout,1
target_lstm,1
ui_mainwindow,1
llff,1
colmapUtils,1
counterfact,1
alexa_device,1
snowboydecoder,1
snowboydetect,1
alsaaudio,1
hyper,1
lmoments3,1
sphere_network,1
resface,1
inception_resnet_v1,1
flask_paginate,1
carread,1
fixes,1
zarr,1
trace_utils,1
route_generator,1
testdemo,1
aiapi,1
chrome_control,1
wordhuntsolverBASIC,1
audit_log,1
social_auth,1
Edge_Detection,1
sparse_split_cifar,1
sparse_weights,1
dendritic_mlp,1
k_winners,1
explore_data,1
qtile_extras,1
colorscheme,1
qiskit,1
customs,1
flask_ngrok,1
tensors_dataset,1
doc2dash,1
costs,1
argparser,1
msra_hand,1
v2v_util,1
v2v_model,1
classifyStream,1
search_terms,1
indicatorservice,1
costservice,1
intrinsicservice,1
GPIORobot,1
regulators,1
RobotAPI,1
uio,1
runnow,1
logless,1
sublime_api,1
lark,1
templatetags,1
laps,1
explicits,1
censor_realtime_mac,1
snpToTensor,1
keras_tuner,1
sync,1
tinydav,1
rfc822,1
frequent_itemset,1
association_rules,1
item_list,1
ksapriori,1
engines,1
IR,1
NeuroFS,1
plt_utils,1
_optimization_utils,1
contextily,1
oscprob2nu_plotpaper,1
oscprob3nu_plotpaper,1
oscprob3nu_plot,1
oscprob2nu_plot,1
adapter,1
robosuite,1
preset_customization,1
DEKSTOPWIN,1
quantopian,1
UILib,1
twarc_text,1
twarc,1
evaluater,1
allen_ginsborg,1
pronouncing,1
prune_utils,1
btree,1
Packet,1
nbconvert,1
TechVJ,1
shortzy,1
plac_core,1
peer,1
graph_imagenet,1
s6_barriers,1
motion_data,1
extra_data,1
extra_xwiz,1
EDMF,1
AirSimGym,1
bgl,1
Item,1
Weapon,1
Serverdata,1
Basicfunctions,1
AutoVoronoi_config,1
fastq,1
community,1
Backup,1
pyspark_ai,1
riot_api,1
genset,1
lcdm,1
radio,1
ears,1
sounds,1
pi_monitoring_scripts,1
packet_encoding,1
mouth,1
eyes,1
Hashtag,1
Posting,1
philobot_manager,1
body_seg,1
imagekitio,1
synthetic,1
vispy,1
blinkt,1
dsxquant,1
visualizations,1
rife,1
IFNet_HDv3,1
warplayer,1
zont,1
config_log,1
Components,1
profileplugin,1
plottingtool,1
selectlinetool,1
arxivsearch,1
vrep,1
vrepConst,1
classifier_trainer,1
fast_layers,1
sunfish,1
grabData,1
gradio_client,1
democritus_file_system,1
guacamole,1
halo,1
servicegetters,1
treq,1
msg,1
ipgetter,1
quantizer,1
store_project,1
mayavi,1
mesh,1
turbulence_ui,1
materialsABM_ui,1
qt4_compat,1
ExampleThread,1
tracers_ui,1
pygpu,1
mypack,1
Markboard3,1
markerlib,1
eth_abi,1
_dummy_thread,1
singledispatch_helpers,1
image_handler,1
webview,1
colorgram,1
PyIgnition,1
keyframes,1
appium,1
safe_rtree,1
array_append,1
safe_pylab,1
linestring_utils,1
interp_coverage,1
filtfilt,1
field,1
trigrid,1
effects,1
edit,1
screen,1
configprovider,1
speechtotext,1
cfl,1
espirit,1
tf_ops,1
galaxy_data_mines,1
match_stats,1
astroquery,1
data_controller,1
tree_builder,1
passengers,1
CapturePicture,1
RandomSong,1
Color_Test,1
pyhunter,1
api_module,1
model_search,1
genotypes,1
model_search_cons,1
fibbingnode,1
tutorial,1
CDL,1
DAE,1
data_preprocessor2,1
libraries,1
nicoargparser,1
kubernetes_asyncio,1
kubespawner,1
WIFI_CONFIG,1
network_manager,1
WildAnimalDataset,1
platformsettings,1
literadar,1
_settings,1
keep_alive,1
prdnet,1
saveData,1
loadData,1
torchnet,1
configuration_xlm,1
modeling_tf_utils,1
configuration_roberta,1
modeling_utils,1
configuration_openai,1
passage_object,1
pdf_object,1
global_variables,1
FlagEmbedding,1
mistofrutta,1
ujson,1
fdlc,1
heroku_config,1
local_config,1
splitting_xml,1
preprocessor,1
sortedcontainers,1
plexe,1
Token,1
front,1
text_model,1
easygui,1
mylinear_cpp,1
mnist_custom_linear,1
mnist_custom_linear_cpp,1
HTMLTestRunnerCN,1
HTMLTestRunnerEN,1
pick_and_place_planner,1
smach,1
smach_ros,1
pick_and_place_controller,1
oauth2_cli,1
pyexifinfo,1
send_command_to_server,1
Vis,1
SimpleCV,1
lastfm,1
deezer,1
notify2,1
apple,1
genius,1
pygeohash,1
ncs_pyvm,1
classi,1
similiarity,1
stackapi,1
bigjson,1
org,1
torchyolo,1
bytetracker,1
norfair_tracker,1
ocsort,1
strongsort,1
cnn_model,1
stages,1
gun,1
inputmanager,1
gerar_etapa_dockwidget,1
gerar_etapa,1
flatten,1
modeling_resnet,1
sensor,1
final,1
interchange,1
astcn_model,1
get_face,1
recognise,1
ssd_encoder_decoder,1
keras_loss_function,1
keras_layers,1
bounding_box_utils,1
https,1
digicert_client,1
nameInterface,1
pdfrw,1
emails,1
usecases,1
normalizeRow,1
vertexAreas,1
pyeltopo,1
trainer_weighted_concat_softmax,1
multi_image_data_loader_new,1
vgg_blocks,1
win10toast,1
NetworkUtils,1
Plot,1
Plot3D,1
RunningStats,1
flit,1
cotracker,1
controlnet_aux,1
shm,1
arviz,1
maxent,1
crossword,1
ztmsync,1
py7zlib,1
tf_model_helper,1
lf_vit_pytorch,1
epistemic_uncertainty,1
path_definition,1
ehp,1
validators,1
simserver,1
wordninja,1
graphene_django,1
links,1
interests,1
graphene,1
mixer,1
HHMMNode,1
mcmcTests,1
pedigreeHGs,1
Mendel,1
PedigreeHypergraph,1
SimpleGUICS2Pygame,1
perlin_noise,1
orchestrator_pb2_grpc,1
orchestrator_pb2,1
calibration_manager,1
calibration_pb2_grpc,1
calibration_pb2,1
api_clients,1
data_source_manager,1
data_source_pb2,1
data_source_pb2_grpc,1
pyfontify,1
BaseHTMLProcessor,1
plural,1
dialect,1
rendering,1
pymlgame,1
led_control,1
data_generate,1
sim_processing,1
gate_feature,1
gate_trainer,1
requirements_check,1
win_app_paths,1
RTransformer,1
observations,1
spatialmath,1
ros2_numpy,1
cbchannels,1
hash_tree,1
checkers,1
polarion,1
welcome,1
creatures,1
linkedlist,1
timepulse,1
travianbot,1
pyfpgrowth,1
firebase,1
agent_register,1
agents_kerasrl,1
UserInterface,1
Properties,1
wmi,1
BoardSetup,1
analogio,1
RBniCS,1
sslstrip,1
ServerConnection,1
dialogflow,1
dialogflow_v2,1
extern,1
collapser_functions,1
autojenkins,1
urwid,1
AutoJenkinsFixed,1
libjevois,1
maze,1
sideview_objects,1
sideview_scene,1
topview_scene,1
Adventure,1
Mud,1
GB_extractor,1
hpbandster,1
osr,1
freeze_external_modules,1
connexion,1
tutormfe,1
__about__,1
tutor,1
importlib_resources,1
pycymatch_lib,1
ReadCsv,1
openbabel,1
raw,1
wordclouds,1
apt,1
log3,1
datahandler,1
cluster,1
r_pca,1
project_util,1
news_gui,1
appliers,1
image_to_video_converter,1
asm,1
bg_tasks,1
instance,1
stacking,1
rwa,1
requests_cache,1
reflex,1
fnn_utils,1
form,1
picserver,1
django_countries,1
SpellChecker,1
autocorrect,1
extra,1
frame,1
instances,1
transformer,1
pykern,1
